{"id":309906,"items":[{"id":309909,"status":2,"title":"Home","order":50,"templateKey":null,"pageLinks":[]},{"id":309907,"status":2,"title":"Meet the Team","order":100,"templateKey":null,"pageLinks":[]},{"id":309908,"status":2,"title":"Business Model and Budget","order":101,"templateKey":null,"pageLinks":[]},{"id":310064,"status":2,"title":"How it Works","order":375445,"templateKey":null,"pageLinks":[]},{"id":310065,"status":2,"title":"Evaluation","order":375600,"templateKey":null,"pageLinks":[]}],"metaTags":null,"order":"65536","headHtml":null,"customCss":null,"headerHtml":"<section class=\"u-clearfix u-header u-palette-2-base u-block-ff0d-1\" custom-posts-hash=\"[]\" data-style=\"header-imglogo-menu\" data-post-id=\"2679390041\" data-section-properties=\"{&quot;grid-spacing&quot;:&quot;0&quot;,&quot;align&quot;:&quot;left&quot;,&quot;stretch&quot;:true}\" data-id=\"ff0d\" color-allocation=\"{&quot;name&quot;:&quot;header-section-light&quot;,&quot;section&quot;:&quot;white&quot;,&quot;cell-filled&quot;:&quot;white, grey-light-2&quot;,&quot;button&quot;:&quot;grey-light-2&quot;,&quot;button-border&quot;:&quot;grey-dark-1&quot;,&quot;menu-text&quot;:&quot;grey-dark-1&quot;,&quot;menu-link&quot;:&quot;grey-dark-2&quot;,&quot;line&quot;:&quot;grey-dark-1&quot;,&quot;image-border&quot;:&quot;white&quot;,&quot;rectangle&quot;:&quot;grey-light-1&quot;,&quot;group-filled&quot;:&quot;white&quot;,&quot;border&quot;:&quot;grey&quot;,&quot;link&quot;:&quot;grey-dark-3&quot;,&quot;metadata&quot;:&quot;grey-dark-1&quot;,&quot;cell-border-filled&quot;:&quot;grey&quot;,&quot;coloring-tags&quot;:&quot;text-image, box-image, grid-section, board-sheet, grid-sheet, rectangle-border&quot;,&quot;type&quot;:&quot;colored&quot;,&quot;form-input-border&quot;:&quot;grey&quot;}\" id=\"sec-28bf\">\n  <div class=\"u-clearfix u-sheet u-block-ff0d-2\" data-state=\"{&quot;margin-top&quot;:{&quot;shouldApplyDefaultMargins&quot;:{&quot;XL&quot;:false,&quot;LG&quot;:false,&quot;MD&quot;:false,&quot;SM&quot;:false,&quot;XS&quot;:false},&quot;parentVerticalAlign&quot;:{&quot;XL&quot;:&quot;&quot;,&quot;LG&quot;:&quot;&quot;,&quot;MD&quot;:&quot;&quot;,&quot;SM&quot;:&quot;&quot;,&quot;XS&quot;:&quot;&quot;}},&quot;margin-bottom&quot;:{&quot;shouldApplyDefaultMargins&quot;:{&quot;XL&quot;:false,&quot;LG&quot;:false,&quot;MD&quot;:false,&quot;SM&quot;:false,&quot;XS&quot;:false},&quot;parentVerticalAlign&quot;:{&quot;XL&quot;:&quot;&quot;,&quot;LG&quot;:&quot;&quot;,&quot;MD&quot;:&quot;&quot;,&quot;SM&quot;:&quot;&quot;,&quot;XS&quot;:&quot;&quot;}}}\">\n    \n    \n  <nav class=\"u-align-left u-menu u-menu-dropdown u-nav-spacing-25 u-offcanvas u-block-ff0d-3\" data-state=\"{&quot;margin-top&quot;:{&quot;shouldApplyDefaultMargins&quot;:{&quot;XL&quot;:false,&quot;LG&quot;:false,&quot;MD&quot;:false,&quot;SM&quot;:false,&quot;XS&quot;:false},&quot;parentVerticalAlign&quot;:{&quot;XL&quot;:&quot;&quot;,&quot;LG&quot;:&quot;&quot;,&quot;MD&quot;:&quot;&quot;,&quot;SM&quot;:&quot;&quot;,&quot;XS&quot;:&quot;&quot;}},&quot;margin-bottom&quot;:{&quot;shouldApplyDefaultMargins&quot;:{&quot;XL&quot;:false,&quot;LG&quot;:false,&quot;MD&quot;:false,&quot;SM&quot;:false,&quot;XS&quot;:false},&quot;parentVerticalAlign&quot;:{&quot;XL&quot;:&quot;&quot;,&quot;LG&quot;:&quot;&quot;,&quot;MD&quot;:&quot;&quot;,&quot;SM&quot;:&quot;&quot;,&quot;XS&quot;:&quot;&quot;}},&quot;margin-left&quot;:{&quot;responsiveFrom&quot;:{&quot;XL&quot;:&quot;MD&quot;,&quot;LG&quot;:&quot;MD&quot;,&quot;MD&quot;:&quot;MD&quot;,&quot;SM&quot;:&quot;MD&quot;,&quot;XS&quot;:&quot;MD&quot;}},&quot;margin-right&quot;:{&quot;responsiveFrom&quot;:{&quot;XL&quot;:&quot;MD&quot;,&quot;LG&quot;:&quot;MD&quot;,&quot;MD&quot;:&quot;MD&quot;,&quot;SM&quot;:&quot;MD&quot;,&quot;XS&quot;:&quot;MD&quot;}}}\">\n      <div class=\"menu-collapse\">\n        <a class=\"u-button-style u-custom-color u-custom-text-active-color u-custom-text-color u-custom-text-hover-color u-nav-link\" href=\"#\" style=\"padding: 8px 0px;\">\n          <svg class=\"u-svg-link\" preserveAspectRatio=\"xMidYMin slice\" viewBox=\"0 0 302 302\" style=\"undefined\">\n            <use xlink:href=\"#svg-7b92\"></use>\n          </svg>\n          <svg xmlns=\"http://www.w3.org/2000/svg\" xmlns:xlink=\"http://www.w3.org/1999/xlink\" version=\"1.1\" id=\"svg-7b92\" x=\"0px\" y=\"0px\" viewBox=\"0 0 302 302\" style=\"enable-background:new 0 0 302 302;\" xml:space=\"preserve\" class=\"u-svg-content\">\n            <g>\n              <rect y=\"36\" width=\"302\" height=\"30\"></rect>\n              <rect y=\"236\" width=\"302\" height=\"30\"></rect>\n              <rect y=\"136\" width=\"302\" height=\"30\"></rect>\n            </g>\n            <g></g>\n            <g></g>\n            <g></g>\n            <g></g>\n            <g></g>\n            <g></g>\n            <g></g>\n            <g></g>\n            <g></g>\n            <g></g>\n            <g></g>\n            <g></g>\n            <g></g>\n            <g></g>\n            <g></g>\n          </svg>\n        </a>\n      </div>\n      <div class=\"u-custom-menu u-nav-container\">\n        <ul class=\"u-custom-font u-heading-font u-nav u-spacing-25 u-unstyled u-block-ff0d-4\"><li class=\"u-nav-item\"><a class=\"u-button-style u-nav-link u-text-active-palette-1-base u-text-hover-palette-1-base u-text-palette-1-base\" href=\"/Home.html\" data-page-id=\"309909\">Home</a><div class=\"fake u-hidden u-nav-popup\"><ul class=\"u-nav u-unstyled u-block-ff0d-12\"><li class=\"u-nav-item\"><a class=\"u-button-style u-nav-link\" href=\"#\">Menu Item1</a></li><li class=\"u-nav-item\"><a class=\"u-button-style u-nav-link\" href=\"#\">Menu Item2</a></li><li class=\"u-nav-item\"><a class=\"u-button-style u-nav-link\" href=\"#\">Menu Item3</a></li></ul></div></li><li class=\"u-nav-item\"><a class=\"u-button-style u-nav-link u-text-active-palette-1-base u-text-hover-palette-1-base u-text-palette-1-base\" href=\"/How-it-Works.html\" data-page-id=\"310064\">How it Works</a></li><li class=\"u-nav-item\"><a class=\"u-button-style u-nav-link u-text-active-palette-1-base u-text-hover-palette-1-base u-text-palette-1-base\" href=\"/Business-Model-and-Budget.html\" data-page-id=\"309908\">Business Model and Budget</a></li><li class=\"u-nav-item\"><a class=\"u-button-style u-nav-link u-text-active-palette-1-base u-text-hover-palette-1-base u-text-palette-1-base\" href=\"/Evaluation.html\" data-page-id=\"310065\">Evaluation</a></li><li class=\"u-nav-item\"><a class=\"u-button-style u-nav-link u-text-active-palette-1-base u-text-hover-palette-1-base u-text-palette-1-base\" href=\"/Meet-the-Team.html\" data-page-id=\"309907\">Meet the Team</a></li></ul>\n      </div>\n      <div class=\"u-custom-menu u-nav-container-collapse\">\n        <div class=\"u-align-center u-black u-container-style u-inner-container-layout u-opacity u-opacity-95 u-sidenav u-block-ff0d-6\"><div class=\"u-sidenav-overflow\">\n          <div class=\"u-menu-close u-block-ff0d-7\"></div>\n          <ul class=\"u-align-center u-nav u-popupmenu-items u-unstyled u-block-ff0d-8\"><li class=\"u-nav-item\"><a class=\"u-button-style u-nav-link\" href=\"/Home.html\" data-page-id=\"309909\">Home</a><div class=\"fake u-hidden u-nav-popup\"><ul class=\"u-nav u-unstyled u-block-ff0d-13\"><li class=\"u-nav-item\"><a class=\"u-button-style u-nav-link\" href=\"#\">Menu Item1</a></li><li class=\"u-nav-item\"><a class=\"u-button-style u-nav-link\" href=\"#\">Menu Item2</a></li><li class=\"u-nav-item\"><a class=\"u-button-style u-nav-link\" href=\"#\">Menu Item3</a></li></ul></div></li><li class=\"u-nav-item\"><a class=\"u-button-style u-nav-link\" href=\"/How-it-Works.html\" data-page-id=\"310064\">How it Works</a></li><li class=\"u-nav-item\"><a class=\"u-button-style u-nav-link\" href=\"/Business-Model-and-Budget.html\" data-page-id=\"309908\">Business Model and Budget</a></li><li class=\"u-nav-item\"><a class=\"u-button-style u-nav-link\" href=\"/Evaluation.html\" data-page-id=\"310065\">Evaluation</a></li><li class=\"u-nav-item\"><a class=\"u-button-style u-nav-link\" href=\"/Meet-the-Team.html\" data-page-id=\"309907\">Meet the Team</a></li></ul>\n        </div></div>\n        <div class=\"u-black u-menu-overlay u-opacity u-opacity-70\"></div>\n      </div>\n    </nav><a href=\"#\" class=\"u-image u-logo u-block-ff0d-10\" src=\"\" data-brightness=\"\" data-image-width=\"3492\" data-image-height=\"3208\" data-state=\"{&quot;margin-top&quot;:{&quot;shouldApplyDefaultMargins&quot;:{&quot;XL&quot;:false,&quot;LG&quot;:false,&quot;MD&quot;:false,&quot;SM&quot;:false,&quot;XS&quot;:false},&quot;parentVerticalAlign&quot;:{&quot;XL&quot;:&quot;&quot;,&quot;LG&quot;:&quot;&quot;,&quot;MD&quot;:&quot;&quot;,&quot;SM&quot;:&quot;&quot;,&quot;XS&quot;:&quot;&quot;}},&quot;margin-bottom&quot;:{&quot;shouldApplyDefaultMargins&quot;:{&quot;XL&quot;:false,&quot;LG&quot;:false,&quot;MD&quot;:false,&quot;SM&quot;:false,&quot;XS&quot;:false},&quot;parentVerticalAlign&quot;:{&quot;XL&quot;:&quot;&quot;,&quot;LG&quot;:&quot;&quot;,&quot;MD&quot;:&quot;&quot;,&quot;SM&quot;:&quot;&quot;,&quot;XS&quot;:&quot;&quot;}}}\" title=\"Home\">\n      <img src=\"np://user.desktop.nicepage.com/Site_309906/images/transparentLogoBeige.png\" class=\"u-logo-image u-block-ff0d-11\" data-image-width=\"64\">\n    </a></div>\n  <style data-mode=\"XL\">@media (min-width: 1200px){ .u-block-ff0d-1 {background-image: none}\n.u-block-ff0d-2 {min-height: 107px}\n.u-block-ff0d-3 {font-family: \"size-14\"; margin-top: 35.4048px; margin-right: 132.405px; margin-bottom: 0px; margin-left: auto}\n.u-block-ff0d-4 {background-image: none}\n.u-block-ff0d-8 {font-size: 1.25rem}\n.u-block-ff0d-10 {margin-top: -47.4048px; margin-right: auto; margin-bottom: 24.2144px; margin-left: 0px}\n.u-block-ff0d-11 {max-width: 64px; max-height: 64px} }</style>\n  <style data-mode=\"LG\">@media (max-width: 1199px) and (min-width: 992px){ .u-block-ff0d-1 {background-image: none}\n.u-block-ff0d-2 {min-height: 107px}\n.u-block-ff0d-3 {margin-top: 35.4048px; margin-bottom: 0px; margin-left: auto; margin-right: 132px; font-family: \"size-14\"}\n.u-block-ff0d-4 {background-image: none}\n.u-block-ff0d-8 {font-size: 1.25rem}\n.u-block-ff0d-10 {margin-top: -47px; margin-right: auto; margin-bottom: 24.2144px; margin-left: 0px; width: 64px; height: 58.795px}\n.u-block-ff0d-11 {max-width: 64px; max-height: 64px} }</style>\n  <style data-mode=\"MD\">@media (max-width: 991px) and (min-width: 768px){ .u-block-ff0d-1 {background-image: none}\n.u-block-ff0d-2 {min-height: 107px}\n.u-block-ff0d-3 {margin-top: 35.4048px; margin-bottom: 0px; margin-left: auto; margin-right: 132px; font-family: \"size-14\"}\n.u-block-ff0d-4 {background-image: none}\n.u-block-ff0d-8 {font-size: 1.25rem}\n.u-block-ff0d-10 {width: 24px; margin-top: -47px; margin-right: auto; margin-bottom: 24.2144px; margin-left: 0px; height: 32px}\n.u-block-ff0d-11 {max-width: 64px; max-height: 64px} }</style>\n  <style data-mode=\"SM\">@media (max-width: 767px) and (min-width: 576px){ .u-block-ff0d-1 {background-image: none}\n.u-block-ff0d-2 {min-height: 107px}\n.u-block-ff0d-3 {margin-top: 35.4048px; margin-bottom: 0px; margin-left: auto; margin-right: 132px; font-family: \"size-14\"}\n.u-block-ff0d-4 {background-image: none}\n.u-block-ff0d-8 {font-size: 1.25rem}\n.u-block-ff0d-10 {width: 22.5px; margin-top: -47px; margin-right: auto; margin-bottom: 24.2144px; margin-left: 0px; height: 32px}\n.u-block-ff0d-11 {max-width: 64px; max-height: 64px} }</style>\n  <style data-mode=\"XS\">@media (max-width: 575px){ .u-block-ff0d-1 {background-image: none}\n.u-block-ff0d-2 {min-height: 107px}\n.u-block-ff0d-3 {margin-top: 35.4048px; margin-bottom: 0px; margin-left: auto; margin-right: 83px; font-family: \"size-14\"}\n.u-block-ff0d-4 {background-image: none}\n.u-block-ff0d-8 {font-size: 1.25rem}\n.u-block-ff0d-10 {width: 18.8889px; margin-top: -47px; margin-right: auto; margin-bottom: 24.2144px; margin-left: 0px; height: 32px}\n.u-block-ff0d-11 {max-width: 64px; max-height: 64px} }</style>\n</section>","footerHtml":"<section class=\"u-clearfix u-footer u-grey-dark-2 u-typography-Normal--Footer u-block-87c1-1\" custom-posts-hash=\"[I,[T,T,T,T],[]]\" data-style=\"footer-image-4-cols-3\" data-post-id=\"885414810;2584219693;2584219693;2584219693\" data-section-properties=\"{&quot;grid-spacing&quot;:&quot;30&quot;,&quot;align&quot;:&quot;center&quot;,&quot;stretch&quot;:true}\" data-id=\"87c1\" color-allocation=\"{&quot;name&quot;:&quot;footer-section-1&quot;,&quot;section&quot;:&quot;grey-dark-2&quot;,&quot;cell-filled&quot;:&quot;grey-dark-3&quot;,&quot;button&quot;:&quot;white&quot;,&quot;button-border&quot;:&quot;white&quot;,&quot;menu-text&quot;:&quot;white&quot;,&quot;menu-link&quot;:&quot;white&quot;,&quot;line&quot;:&quot;white&quot;,&quot;image-border&quot;:&quot;grey-dark-3&quot;,&quot;rectangle&quot;:&quot;grey-dark-1&quot;,&quot;group-filled&quot;:&quot;grey-dark-1&quot;,&quot;border&quot;:&quot;white&quot;,&quot;cell-border-filled&quot;:&quot;white&quot;,&quot;link&quot;:&quot;grey-light-1&quot;,&quot;metadata&quot;:&quot;&quot;,&quot;coloring-tags&quot;:&quot;box-image, grid-section, board-sheet, grid-sheet, rectangle-border&quot;,&quot;type&quot;:&quot;dark&quot;,&quot;form-input-border&quot;:&quot;grey&quot;}\" id=\"sec-d905\">\n  \n  <style data-mode=\"XL\">@media (min-width: 1200px){ .u-block-87c1-4 {min-height: 154px}\n.u-block-87c1-3 {font-size: 1.125rem; width: 543px; margin-top: 57px; margin-left: auto; margin-right: auto; margin-bottom: 56.6px}\n.u-block-87c1-5 {padding-top: 0px; padding-bottom: 0px; padding-left: 0px; padding-right: 0px}\n.u-block-87c1-6 {padding-top: 0px; padding-bottom: 0px; padding-left: 0px; padding-right: 0px} }</style>\n  <style data-mode=\"LG\">@media (max-width: 1199px) and (min-width: 992px){ .u-block-87c1-4 {min-height: 154px}\n.u-block-87c1-3 {margin-top: 57px; margin-bottom: 56.6px; margin-left: auto; margin-right: auto; width: 543px; font-size: 1.125rem}\n.u-block-87c1-5 {padding-top: 0px; padding-bottom: 0px; padding-left: 0px; padding-right: 0px}\n.u-block-87c1-6 {padding-top: 0px; padding-bottom: 0px; padding-left: 0px; padding-right: 0px} }</style>\n  <style data-mode=\"MD\">@media (max-width: 991px) and (min-width: 768px){ .u-block-87c1-4 {min-height: 154px}\n.u-block-87c1-3 {margin-top: 57px; margin-bottom: 56.6px; margin-left: auto; margin-right: auto; width: 543px; font-size: 1.125rem}\n.u-block-87c1-5 {padding-top: 0px; padding-bottom: 0px; padding-left: 0px; padding-right: 0px}\n.u-block-87c1-6 {padding-top: 0px; padding-bottom: 0px; padding-left: 0px; padding-right: 0px} }</style>\n  <style data-mode=\"SM\">@media (max-width: 767px) and (min-width: 576px){ .u-block-87c1-4 {min-height: 154px}\n.u-block-87c1-3 {margin-top: 57px; margin-bottom: 56.6px; margin-left: auto; margin-right: auto; width: 540px; font-size: 1.125rem}\n.u-block-87c1-5 {padding-top: 0px; padding-bottom: 0px; padding-left: 0px; padding-right: 0px}\n.u-block-87c1-6 {padding-top: 0px; padding-bottom: 0px; padding-left: 0px; padding-right: 0px} }</style>\n  <style data-mode=\"XS\">@media (max-width: 575px){ .u-block-87c1-4 {min-height: 154px}\n.u-block-87c1-3 {margin-top: 57px; margin-bottom: 56.6px; margin-left: auto; margin-right: auto; width: 340px; font-size: 1.125rem}\n.u-block-87c1-5 {padding-top: 0px; padding-bottom: 0px; padding-left: 0px; padding-right: 0px}\n.u-block-87c1-6 {padding-top: 0px; padding-bottom: 0px; padding-left: 0px; padding-right: 0px} }</style>\n<div class=\"u-clearfix u-sheet u-valign-middle u-block-87c1-4\" data-state=\"{&quot;margin-top&quot;:{&quot;shouldApplyDefaultMargins&quot;:{&quot;XL&quot;:false,&quot;LG&quot;:false,&quot;MD&quot;:false,&quot;SM&quot;:false,&quot;XS&quot;:false},&quot;parentVerticalAlign&quot;:{&quot;XL&quot;:&quot;middle&quot;,&quot;LG&quot;:&quot;middle&quot;,&quot;MD&quot;:&quot;middle&quot;,&quot;SM&quot;:&quot;middle&quot;,&quot;XS&quot;:&quot;middle&quot;}},&quot;margin-bottom&quot;:{&quot;shouldApplyDefaultMargins&quot;:{&quot;XL&quot;:false,&quot;LG&quot;:false,&quot;MD&quot;:false,&quot;SM&quot;:false,&quot;XS&quot;:false},&quot;parentVerticalAlign&quot;:{&quot;XL&quot;:&quot;middle&quot;,&quot;LG&quot;:&quot;middle&quot;,&quot;MD&quot;:&quot;middle&quot;,&quot;SM&quot;:&quot;middle&quot;,&quot;XS&quot;:&quot;middle&quot;}}}\"><h2 class=\"u-align-center u-text u-block-87c1-3\" data-state=\"{&quot;margin-top&quot;:{&quot;shouldApplyDefaultMargins&quot;:{&quot;XL&quot;:false,&quot;LG&quot;:false,&quot;MD&quot;:false,&quot;SM&quot;:true,&quot;XS&quot;:true},&quot;parentVerticalAlign&quot;:{&quot;XL&quot;:&quot;middle&quot;,&quot;LG&quot;:&quot;middle&quot;,&quot;MD&quot;:&quot;middle&quot;,&quot;SM&quot;:&quot;middle&quot;,&quot;XS&quot;:&quot;middle&quot;}},&quot;margin-bottom&quot;:{&quot;shouldApplyDefaultMargins&quot;:{&quot;XL&quot;:false,&quot;LG&quot;:false,&quot;MD&quot;:false,&quot;SM&quot;:true,&quot;XS&quot;:true},&quot;parentVerticalAlign&quot;:{&quot;XL&quot;:&quot;middle&quot;,&quot;LG&quot;:&quot;middle&quot;,&quot;MD&quot;:&quot;middle&quot;,&quot;SM&quot;:&quot;middle&quot;,&quot;XS&quot;:&quot;middle&quot;}}}\">StreetSmart by AutomatED - SDP Group 3<br><a href=\"https://drive.google.com/file/d/1Pb9NZKurNWVEUB2SaCp1x-qHrvRrDFLw/view?usp=sharing\" class=\"u-active-none u-border-none u-btn u-button-link u-button-style u-hover-none u-none u-text-palette-1-base u-block-87c1-5\">Privacy Policy</a> | <a href=\"https://drive.google.com/file/d/1oOvN7OnyiCyXoQELXIPgxOhL-L7nHfG_/view?usp=sharing\" class=\"u-active-none u-border-none u-btn u-button-link u-button-style u-hover-none u-none u-text-palette-1-base u-block-87c1-6\">User Guide</a><br></h2></div></section>","hideBacklink":null,"homePageId":309909,"dateUpdated":1617219446710,"settings":"{\"colorScheme\":{\"bodyColors\":[\"#111111\",\"#ffffff\"],\"bgColor\":\"#ffffff\",\"colors\":[\"#f4cb08\",\"#2c2c2c\",\"#171717\",\"#92e4fd\",\"#b8c1cc\"],\"customColors\":[{\"color\":\"#d4d1bf\",\"status\":0,\"transparency\":1},{\"color\":\"#191b1a\",\"status\":0,\"transparency\":1},{\"color\":\"#393936\",\"status\":0,\"transparency\":1},{\"color\":\"#567989\",\"status\":0,\"transparency\":1}],\"shadingContrast\":\"body-alt-color\",\"whiteContrast\":\"body-color\",\"bgContrast\":\"body-color\",\"name\":\"u10\"},\"fontScheme\":{\"name\":\"Roboto-OpenSans\",\"default\":true,\"isDefault\":true,\"fonts\":{\"heading\":\"Roboto, sans-serif\",\"text\":\"Open Sans, sans-serif\",\"accent\":\"Arial, sans-serif\",\"headingTitle\":\"Roboto\",\"textTitle\":\"Open Sans\"}},\"typography\":{\"name\":\"Normal\",\"isDefault\":true,\"title\":{\"font-weight\":\"400\",\"font-size\":4.5,\"line-height\":\"1_1\",\"margin-top\":20,\"margin-bottom\":20,\"SM\":{\"font-size\":3.75},\"XS\":{\"font-size\":3}},\"subtitle\":{\"font-weight\":\"400\",\"font-size\":2.25,\"line-height\":\"1_1\",\"margin-top\":20,\"margin-bottom\":20,\"XS\":{\"font-size\":1.5}},\"h1\":{\"font-weight\":\"400\",\"font-size\":3,\"line-height\":\"1_1\",\"margin-top\":20,\"margin-bottom\":20,\"XS\":{\"font-size\":2.25}},\"h2\":{\"font-weight\":\"400\",\"font-size\":2.25,\"line-height\":\"1_1\",\"margin-top\":20,\"margin-bottom\":20,\"XS\":{\"font-size\":1.5}},\"h3\":{\"font-weight\":\"400\",\"font-size\":1.875,\"line-height\":\"1_2\",\"margin-top\":20,\"margin-bottom\":20,\"XS\":{\"font-size\":1.5}},\"h4\":{\"font-weight\":\"400\",\"font-size\":1.5,\"line-height\":\"1_2\",\"margin-top\":20,\"margin-bottom\":20},\"h5\":{\"font-weight\":\"400\",\"font-size\":1.25,\"line-height\":\"1_2\",\"margin-top\":20,\"margin-bottom\":20},\"h6\":{\"font-weight\":\"400\",\"font-size\":1.125,\"line-height\":\"1_2\",\"margin-top\":20,\"margin-bottom\":20},\"largeText\":{\"font-size\":1.25,\"margin-top\":20,\"margin-bottom\":20},\"smallText\":{\"font-size\":0.875,\"margin-top\":20,\"margin-bottom\":20},\"text\":{\"margin-top\":20,\"margin-bottom\":20},\"hyperlink\":{\"text-color\":\"palette-1-base\"},\"link\":{},\"button\":{\"color\":\"palette-1-base\",\"margin-top\":20,\"margin-bottom\":20},\"blockquote\":{\"font-style\":\"italic\",\"indent\":20,\"border\":4,\"border-color\":\"palette-1-base\",\"margin-top\":20,\"margin-bottom\":20},\"metadata\":{\"margin-top\":20,\"margin-bottom\":20},\"list\":{\"margin-top\":20,\"margin-bottom\":20},\"orderedlist\":{\"margin-top\":20,\"margin-bottom\":20},\"postContent\":{\"margin-top\":20,\"margin-bottom\":20},\"theme\":{\"gradient\":\"\",\"image\":\"\"},\"htmlBaseSize\":16},\"backToTop\":\"<span style=\\\"height: 64px; width: 64px; margin-left: 0px; margin-right: auto; margin-top: 0px; background-image: none; right: 20px; bottom: 20px\\\" class=\\\"u-back-to-top u-icon u-icon-circle u-opacity u-opacity-85 u-palette-1-base u-spacing-15\\\" data-href=\\\"#\\\">\\n        <svg class=\\\"u-svg-link\\\" preserveAspectRatio=\\\"xMidYMin slice\\\" viewBox=\\\"0 0 551.13 551.13\\\">\\n            <use xmlns:xlink=\\\"http://www.w3.org/1999/xlink\\\" xlink:href=\\\"#svg-1d98\\\"></use>\\n        </svg>\\n        <svg class=\\\"u-svg-content\\\" enable-background=\\\"new 0 0 551.13 551.13\\\" viewBox=\\\"0 0 551.13 551.13\\\" xmlns=\\\"http://www.w3.org/2000/svg\\\" id=\\\"svg-1d98\\\">\\n            <path d=\\\"m275.565 189.451 223.897 223.897h51.668l-275.565-275.565-275.565 275.565h51.668z\\\"></path>\\n        </svg>\\n    </span>\",\"themeBackLinks\":\"{\\\"data-wp-back-link\\\":\\\"wordpress-themes\\\",\\\"data-wp-back-link-title\\\":\\\"WordPress Themes\\\",\\\"data-jm-back-link\\\":\\\"joomla-templates\\\",\\\"data-jm-back-link-title\\\":\\\"Joomla Templates\\\"}\",\"blog\":\"{\\\"posts\\\":{\\\"items\\\":[]}}\",\"id\":309906,\"cookiesSection\":\"<section class=\\\"u-align-center u-block-cd06-1 u-clearfix u-cookies-consent u-grey-80\\\" custom-posts-hash=\\\"T\\\" style=\\\"background-image: none\\\" data-post-id=\\\"1\\\" data-section-properties=\\\"{&quot;stretch&quot;:true}\\\" data-id=\\\"cd06\\\" data-posts-content=\\\"[{'images':[],'maps':[],'videos':[],'icons':[],'textWidth':874,'textHeight':152,'id':1,'headingProp':'h3','textProp':'text'}]\\\" data-style=\\\"cookie-1\\\" id=\\\"sec-994c\\\" data-source=\\\"\\\">\\n  <div class=\\\"u-block-cd06-2 u-clearfix u-sheet u-valign-middle\\\" style=\\\"min-height: 212px\\\" data-state=\\\"{&quot;margin-top&quot;:{&quot;shouldApplyDefaultMargins&quot;:{&quot;XL&quot;:false,&quot;LG&quot;:false,&quot;MD&quot;:false,&quot;SM&quot;:false,&quot;XS&quot;:false},&quot;parentVerticalAlign&quot;:{&quot;XL&quot;:&quot;middle&quot;,&quot;LG&quot;:&quot;middle&quot;,&quot;MD&quot;:&quot;middle&quot;,&quot;SM&quot;:&quot;middle&quot;,&quot;XS&quot;:&quot;middle&quot;}},&quot;margin-bottom&quot;:{&quot;shouldApplyDefaultMargins&quot;:{&quot;XL&quot;:false,&quot;LG&quot;:false,&quot;MD&quot;:false,&quot;SM&quot;:false,&quot;XS&quot;:false},&quot;parentVerticalAlign&quot;:{&quot;XL&quot;:&quot;middle&quot;,&quot;LG&quot;:&quot;middle&quot;,&quot;MD&quot;:&quot;middle&quot;,&quot;SM&quot;:&quot;middle&quot;,&quot;XS&quot;:&quot;middle&quot;}}}\\\" data-height-lg=\\\"158\\\" data-height-md=\\\"131\\\" data-height-sm=\\\"106\\\" data-height-xs=\\\"225\\\">\\n    <div class=\\\"u-block-cd06-7 u-clearfix u-expanded-width u-layout-wrap\\\" style=\\\"margin-top: 30px; margin-bottom: 30px\\\" data-state=\\\"{&quot;margin-top&quot;:{&quot;shouldApplyDefaultMargins&quot;:{&quot;XL&quot;:false,&quot;LG&quot;:false,&quot;MD&quot;:false,&quot;SM&quot;:false,&quot;XS&quot;:false},&quot;parentVerticalAlign&quot;:{&quot;XL&quot;:&quot;middle&quot;,&quot;LG&quot;:&quot;middle&quot;,&quot;MD&quot;:&quot;middle&quot;,&quot;SM&quot;:&quot;middle&quot;,&quot;XS&quot;:&quot;middle&quot;}},&quot;margin-bottom&quot;:{&quot;shouldApplyDefaultMargins&quot;:{&quot;XL&quot;:false,&quot;LG&quot;:false,&quot;MD&quot;:false,&quot;SM&quot;:false,&quot;XS&quot;:false},&quot;parentVerticalAlign&quot;:{&quot;XL&quot;:&quot;middle&quot;,&quot;LG&quot;:&quot;middle&quot;,&quot;MD&quot;:&quot;middle&quot;,&quot;SM&quot;:&quot;middle&quot;,&quot;XS&quot;:&quot;middle&quot;}}}\\\">\\n      <div class=\\\"u-gutter-0 u-layout\\\">\\n        <div class=\\\"u-layout-row\\\">\\n          <div class=\\\"u-block-cd06-8 u-container-style u-layout-cell u-left-cell u-size-43-md u-size-43-sm u-size-43-xs u-size-46-lg u-size-46-xl\\\" style=\\\"min-height: 152px\\\" data-state=\\\"{&quot;min-height&quot;:{&quot;expandedParent&quot;:{&quot;XL&quot;:true,&quot;LG&quot;:true,&quot;MD&quot;:true,&quot;SM&quot;:true,&quot;XS&quot;:true},&quot;cellMultiplier&quot;:{&quot;XL&quot;:1,&quot;LG&quot;:1,&quot;MD&quot;:0.9347826086956521,&quot;SM&quot;:1.3953488372093024,&quot;XS&quot;:1},&quot;canCollapse&quot;:{&quot;XL&quot;:false,&quot;LG&quot;:false,&quot;MD&quot;:true,&quot;SM&quot;:true,&quot;XS&quot;:true}}}\\\">\\n            <div class=\\\"u-block-cd06-9 u-container-layout u-valign-middle\\\" style=\\\"padding-top: 30px; padding-bottom: 30px; padding-left: 60px; padding-right: 60px\\\" data-state=\\\"{&quot;min-height&quot;:{&quot;canCollapse&quot;:{&quot;XL&quot;:false,&quot;LG&quot;:false,&quot;MD&quot;:false,&quot;SM&quot;:false,&quot;XS&quot;:false}}}\\\">\\n              <h3 class=\\\"u-block-cd06-6 u-text u-text-default\\\" style=\\\"margin-top: 0px; margin-right: 20px; margin-bottom: 0px;\\\">Cookies &amp; Privacy</h3>\\n              <p class=\\\"u-block-cd06-5 u-text u-text-default\\\" style=\\\"margin: 8px 20px 0px 0px;\\\">This website uses cookies to ensure you get the best experience on our website.</p>\\n            </div>\\n          </div>\\n          <div class=\\\"u-align-left u-block-cd06-10 u-container-style u-layout-cell u-right-cell u-size-14-lg u-size-14-xl u-size-17-md u-size-17-sm u-size-17-xs\\\" style=\\\"min-height: 152px\\\" data-state=\\\"{&quot;min-height&quot;:{&quot;expandedParent&quot;:{&quot;XL&quot;:true,&quot;LG&quot;:true,&quot;MD&quot;:true,&quot;SM&quot;:true,&quot;XS&quot;:true},&quot;cellMultiplier&quot;:{&quot;XL&quot;:1,&quot;LG&quot;:1,&quot;MD&quot;:1.2142857142857142,&quot;SM&quot;:3.5294117647058822,&quot;XS&quot;:1},&quot;canCollapse&quot;:{&quot;XL&quot;:false,&quot;LG&quot;:false,&quot;MD&quot;:true,&quot;SM&quot;:true,&quot;XS&quot;:true}}}\\\">\\n            <div class=\\\"u-block-cd06-11 u-container-layout u-valign-middle-lg u-valign-middle-md u-valign-middle-xl u-valign-top-sm u-valign-top-xs\\\" style=\\\"padding-top: 30px; padding-bottom: 30px; padding-left: 30px; padding-right: 30px\\\" data-state=\\\"{&quot;min-height&quot;:{&quot;canCollapse&quot;:{&quot;XL&quot;:false,&quot;LG&quot;:false,&quot;MD&quot;:false,&quot;SM&quot;:false,&quot;XS&quot;:false}}}\\\">\\n              <a href=\\\"###\\\" class=\\\"u-block-cd06-3 u-btn u-button-confirm u-button-style u-palette-1-base\\\" style=\\\"margin-top: 0px; margin-right: auto; margin-bottom: 0px; margin-left: 0px\\\">Confirm</a>\\n            </div>\\n          </div>\\n        </div>\\n      </div>\\n    </div>\\n  </div>\\n  <style data-mode=\\\"XL\\\">@media (max-width: 0px) { .u-block-cd06-1 {background-image: none}\\n.u-block-cd06-2 {min-height: 212px}\\n.u-block-cd06-7 {margin-top: 30px; margin-bottom: 30px}\\n.u-block-cd06-8 {min-height: 152px}\\n.u-block-cd06-9 {padding-top: 30px; padding-bottom: 30px; padding-left: 60px; padding-right: 60px}\\n.u-block-cd06-6 {margin-top: 0px; margin-right: 20px; margin-bottom: 0px}\\n.u-block-cd06-5 {margin-top: 8px; margin-right: 20px; margin-bottom: 0px; margin-left: 0px}\\n.u-block-cd06-10 {min-height: 152px}\\n.u-block-cd06-11 {padding-top: 30px; padding-bottom: 30px; padding-left: 30px; padding-right: 30px}\\n.u-block-cd06-3 {margin-top: 0px; margin-right: auto; margin-bottom: 0px; margin-left: 0px} }</style>\\n  <style data-mode=\\\"LG\\\">@media (max-width: 0px) { .u-block-cd06-1 {background-image: none}\\n.u-block-cd06-2 {min-height: 131px}\\n.u-block-cd06-7 {margin-top: 30px; margin-bottom: 30px}\\n.u-block-cd06-8 {min-height: 125px}\\n.u-block-cd06-9 {padding-top: 30px; padding-bottom: 30px; padding-left: 60px; padding-right: 60px}\\n.u-block-cd06-6 {margin-top: 0px; margin-right: 0px; margin-bottom: 0px}\\n.u-block-cd06-5 {margin-top: 8px; margin-right: 0px; margin-bottom: 0px; margin-left: 0px}\\n.u-block-cd06-10 {min-height: 125px}\\n.u-block-cd06-11 {padding-top: 30px; padding-bottom: 30px; padding-left: 30px; padding-right: 30px}\\n.u-block-cd06-3 {margin-top: 0px; margin-right: auto; margin-bottom: 0px; margin-left: 0px} }</style>\\n  <style data-mode=\\\"MD\\\" data-visited=\\\"true\\\">@media (max-width: 0px) { .u-block-cd06-1 {background-image: none}\\n.u-block-cd06-2 {min-height: 106px}\\n.u-block-cd06-7 {margin-top: 30px; margin-bottom: 30px}\\n.u-block-cd06-8 {min-height: 100px}\\n.u-block-cd06-9 {padding-top: 30px; padding-bottom: 30px; padding-left: 30px; padding-right: 30px}\\n.u-block-cd06-6 {margin-top: 0px; margin-right: 0px; margin-bottom: 0px}\\n.u-block-cd06-5 {margin-top: 8px; margin-right: 0px; margin-bottom: 0px; margin-left: 0px}\\n.u-block-cd06-10 {min-height: 100px}\\n.u-block-cd06-11 {padding-top: 30px; padding-bottom: 30px; padding-left: 30px; padding-right: 30px}\\n.u-block-cd06-3 {margin-top: 0px; margin-right: auto; margin-bottom: 0px; margin-left: 0px} }</style>\\n  <style data-mode=\\\"SM\\\" data-visited=\\\"true\\\">@media (max-width: 0px) { .u-block-cd06-1 {background-image: none}\\n.u-block-cd06-2 {min-height: 225px}\\n.u-block-cd06-7 {margin-top: 30px; margin-bottom: 30px}\\n.u-block-cd06-8 {min-height: 154px}\\n.u-block-cd06-9 {padding-top: 30px; padding-left: 10px; padding-right: 10px; padding-bottom: 20px}\\n.u-block-cd06-6 {margin-top: 0px; margin-right: 0px; margin-bottom: 0px}\\n.u-block-cd06-5 {margin-top: 8px; margin-right: 0px; margin-bottom: 0px; margin-left: 0px}\\n.u-block-cd06-10 {min-height: 65px}\\n.u-block-cd06-11 {padding-top: 10px; padding-bottom: 10px; padding-left: 10px; padding-right: 10px}\\n.u-block-cd06-3 {margin-top: 0px; margin-right: auto; margin-bottom: 0px; margin-left: 0px} }</style>\\n  <style data-mode=\\\"XS\\\" data-visited=\\\"true\\\">@media (max-width: 0px) { .u-block-cd06-1 {background-image: none}\\n.u-block-cd06-2 {min-height: 121px}\\n.u-block-cd06-7 {margin-top: 30px; margin-bottom: 30px}\\n.u-block-cd06-8 {min-height: 100px}\\n.u-block-cd06-9 {padding-top: 30px; padding-bottom: 20px; padding-left: 10px; padding-right: 10px}\\n.u-block-cd06-6 {margin-top: 0px; margin-right: 0px; margin-bottom: 0px}\\n.u-block-cd06-5 {margin-top: 8px; margin-right: 0px; margin-bottom: 0px; margin-left: 0px}\\n.u-block-cd06-10 {min-height: 15px}\\n.u-block-cd06-11 {padding-top: 10px; padding-bottom: 10px; padding-left: 10px; padding-right: 10px}\\n.u-block-cd06-3 {margin-top: 0px; margin-right: auto; margin-bottom: 0px; margin-left: 0px} }</style>\\n</section>\"}","dialog":null,"title":"WebSite309906","siteStyleCss":"<style id=\"color-scheme\" color-scheme=\"u10\" color-style=\"multicolor-1\">.u-body {\n--none: transparent;\n--none-darker: transparent;\n--none-r: 255;\n--none-g: 255;\n--none-b: 255;\n--none-contrast: body-color;\n--none-contrast-darker: body-color;\n--none-text-color: var(--body-color);\n--custom-color-1: #d4d1bf;\n--custom-color-1-darker: #c4c0a7;\n--custom-color-1-r: 212;\n--custom-color-1-g: 209;\n--custom-color-1-b: 191;\n--custom-color-1-contrast: black;\n--custom-color-1-contrast-darker: black;\n--custom-color-1-text-color: var(--body-color);\n--custom-color-2: #191b1a;\n--custom-color-2-darker: #161817;\n--custom-color-2-r: 25;\n--custom-color-2-g: 27;\n--custom-color-2-b: 26;\n--custom-color-2-contrast: white;\n--custom-color-2-contrast-darker: white;\n--custom-color-2-text-color: var(--body-alt-color);\n--custom-color-3: #393936;\n--custom-color-3-darker: #333331;\n--custom-color-3-r: 57;\n--custom-color-3-g: 57;\n--custom-color-3-b: 54;\n--custom-color-3-contrast: white;\n--custom-color-3-contrast-darker: white;\n--custom-color-3-text-color: var(--body-alt-color);\n--custom-color-4: #567989;\n--custom-color-4-darker: #4d6d7b;\n--custom-color-4-r: 86;\n--custom-color-4-g: 121;\n--custom-color-4-b: 137;\n--custom-color-4-contrast: white;\n--custom-color-4-contrast-darker: white;\n--custom-color-4-text-color: var(--body-alt-color);\n--body-color: #111111;\n--body-color-darker: #0f0f0f;\n--body-color-r: 17;\n--body-color-g: 17;\n--body-color-b: 17;\n--body-color-contrast: white;\n--body-color-contrast-darker: white;\n--body-color-text-color: var(--body-alt-color);\n--body-alt-color: #ffffff;\n--body-alt-color-darker: #e6e6e6;\n--body-alt-color-r: 255;\n--body-alt-color-g: 255;\n--body-alt-color-b: 255;\n--body-alt-color-contrast: black;\n--body-alt-color-contrast-darker: black;\n--body-alt-color-text-color: var(--body-color);\n--bg-color: #ffffff;\n--bg-color-darker: #e6e6e6;\n--bg-color-r: 255;\n--bg-color-g: 255;\n--bg-color-b: 255;\n--bg-color-contrast: black;\n--bg-color-contrast-darker: black;\n--bg-color-text-color: var(--body-color);\n--palette-1-base: #f4cb08;\n--palette-1-base-darker: #dcb707;\n--palette-1-base-r: 244;\n--palette-1-base-g: 203;\n--palette-1-base-b: 8;\n--palette-1-base-contrast: black;\n--palette-1-base-contrast-darker: white;\n--palette-1-base-text-color: var(--body-color);\n--palette-1-dark-3: #333129;\n--palette-1-dark-3-darker: #2e2c25;\n--palette-1-dark-3-r: 51;\n--palette-1-dark-3-g: 49;\n--palette-1-dark-3-b: 41;\n--palette-1-dark-3-contrast: white;\n--palette-1-dark-3-contrast-darker: white;\n--palette-1-dark-3-text-color: var(--body-alt-color);\n--palette-1-dark-2: #736a3f;\n--palette-1-dark-2-darker: #685f39;\n--palette-1-dark-2-r: 115;\n--palette-1-dark-2-g: 106;\n--palette-1-dark-2-b: 63;\n--palette-1-dark-2-contrast: white;\n--palette-1-dark-2-contrast-darker: white;\n--palette-1-dark-2-text-color: var(--body-alt-color);\n--palette-1-dark-1: #b49d34;\n--palette-1-dark-1-darker: #a28d2f;\n--palette-1-dark-1-r: 180;\n--palette-1-dark-1-g: 157;\n--palette-1-dark-1-b: 52;\n--palette-1-dark-1-contrast: white;\n--palette-1-dark-1-contrast-darker: white;\n--palette-1-dark-1-text-color: var(--body-alt-color);\n--palette-1: #f4cb08;\n--palette-1-darker: #dcb707;\n--palette-1-r: 244;\n--palette-1-g: 203;\n--palette-1-b: 8;\n--palette-1-contrast: black;\n--palette-1-contrast-darker: white;\n--palette-1-text-color: var(--body-color);\n--palette-1-light-1: #f7da50;\n--palette-1-light-1-darker: #f6d331;\n--palette-1-light-1-r: 247;\n--palette-1-light-1-g: 218;\n--palette-1-light-1-b: 80;\n--palette-1-light-1-contrast: black;\n--palette-1-light-1-contrast-darker: black;\n--palette-1-light-1-text-color: var(--body-color);\n--palette-1-light-2: #fbea9a;\n--palette-1-light-2-darker: #f9e273;\n--palette-1-light-2-r: 251;\n--palette-1-light-2-g: 234;\n--palette-1-light-2-b: 154;\n--palette-1-light-2-contrast: black;\n--palette-1-light-2-contrast-darker: black;\n--palette-1-light-2-text-color: var(--body-color);\n--palette-1-light-3: #fefae5;\n--palette-1-light-3-darker: #fcf1b6;\n--palette-1-light-3-r: 254;\n--palette-1-light-3-g: 250;\n--palette-1-light-3-b: 229;\n--palette-1-light-3-contrast: black;\n--palette-1-light-3-contrast-darker: black;\n--palette-1-light-3-text-color: var(--body-color);\n--palette-2-base: #2c2c2c;\n--palette-2-base-darker: #282828;\n--palette-2-base-r: 44;\n--palette-2-base-g: 44;\n--palette-2-base-b: 44;\n--palette-2-base-contrast: white;\n--palette-2-base-contrast-darker: white;\n--palette-2-base-text-color: var(--body-alt-color);\n--palette-2-dark-3: #332929;\n--palette-2-dark-3-darker: #2e2525;\n--palette-2-dark-3-r: 51;\n--palette-2-dark-3-g: 41;\n--palette-2-dark-3-b: 41;\n--palette-2-dark-3-contrast: white;\n--palette-2-dark-3-contrast-darker: white;\n--palette-2-dark-3-text-color: var(--body-alt-color);\n--palette-2-dark-2: #2c2c2c;\n--palette-2-dark-2-darker: #282828;\n--palette-2-dark-2-r: 44;\n--palette-2-dark-2-g: 44;\n--palette-2-dark-2-b: 44;\n--palette-2-dark-2-contrast: white;\n--palette-2-dark-2-contrast-darker: white;\n--palette-2-dark-2-text-color: var(--body-alt-color);\n--palette-2-dark-1: #6b6969;\n--palette-2-dark-1-darker: #605e5e;\n--palette-2-dark-1-r: 107;\n--palette-2-dark-1-g: 105;\n--palette-2-dark-1-b: 105;\n--palette-2-dark-1-contrast: white;\n--palette-2-dark-1-contrast-darker: white;\n--palette-2-dark-1-text-color: var(--body-alt-color);\n--palette-2: #a9a3a3;\n--palette-2-darker: #999292;\n--palette-2-r: 169;\n--palette-2-g: 163;\n--palette-2-b: 163;\n--palette-2-contrast: white;\n--palette-2-contrast-darker: white;\n--palette-2-text-color: var(--body-alt-color);\n--palette-2-light-1: #c3bebe;\n--palette-2-light-1-darker: #b1aaaa;\n--palette-2-light-1-r: 195;\n--palette-2-light-1-g: 190;\n--palette-2-light-1-b: 190;\n--palette-2-light-1-contrast: black;\n--palette-2-light-1-contrast-darker: white;\n--palette-2-light-1-text-color: var(--body-color);\n--palette-2-light-2: #ddd9d9;\n--palette-2-light-2-darker: #c8c2c2;\n--palette-2-light-2-r: 221;\n--palette-2-light-2-g: 217;\n--palette-2-light-2-b: 217;\n--palette-2-light-2-contrast: black;\n--palette-2-light-2-contrast-darker: black;\n--palette-2-light-2-text-color: var(--body-color);\n--palette-2-light-3: #f6f5f5;\n--palette-2-light-3-darker: #dfdbdb;\n--palette-2-light-3-r: 246;\n--palette-2-light-3-g: 245;\n--palette-2-light-3-b: 245;\n--palette-2-light-3-contrast: black;\n--palette-2-light-3-contrast-darker: black;\n--palette-2-light-3-text-color: var(--body-color);\n--palette-3-base: #171717;\n--palette-3-base-darker: #151515;\n--palette-3-base-r: 23;\n--palette-3-base-g: 23;\n--palette-3-base-b: 23;\n--palette-3-base-contrast: white;\n--palette-3-base-contrast-darker: white;\n--palette-3-base-text-color: var(--body-alt-color);\n--palette-3-dark-3: #332929;\n--palette-3-dark-3-darker: #2e2525;\n--palette-3-dark-3-r: 51;\n--palette-3-dark-3-g: 41;\n--palette-3-dark-3-b: 41;\n--palette-3-dark-3-contrast: white;\n--palette-3-dark-3-contrast-darker: white;\n--palette-3-dark-3-text-color: var(--body-alt-color);\n--palette-3-dark-2: #171717;\n--palette-3-dark-2-darker: #151515;\n--palette-3-dark-2-r: 23;\n--palette-3-dark-2-g: 23;\n--palette-3-dark-2-b: 23;\n--palette-3-dark-2-contrast: white;\n--palette-3-dark-2-contrast-darker: white;\n--palette-3-dark-2-text-color: var(--body-alt-color);\n--palette-3-dark-1: #605e5e;\n--palette-3-dark-1-darker: #565555;\n--palette-3-dark-1-r: 96;\n--palette-3-dark-1-g: 94;\n--palette-3-dark-1-b: 94;\n--palette-3-dark-1-contrast: white;\n--palette-3-dark-1-contrast-darker: white;\n--palette-3-dark-1-text-color: var(--body-alt-color);\n--palette-3: #a9a3a3;\n--palette-3-darker: #999292;\n--palette-3-r: 169;\n--palette-3-g: 163;\n--palette-3-b: 163;\n--palette-3-contrast: white;\n--palette-3-contrast-darker: white;\n--palette-3-text-color: var(--body-alt-color);\n--palette-3-light-1: #c3bebe;\n--palette-3-light-1-darker: #b1aaaa;\n--palette-3-light-1-r: 195;\n--palette-3-light-1-g: 190;\n--palette-3-light-1-b: 190;\n--palette-3-light-1-contrast: black;\n--palette-3-light-1-contrast-darker: white;\n--palette-3-light-1-text-color: var(--body-color);\n--palette-3-light-2: #ddd9d9;\n--palette-3-light-2-darker: #c8c2c2;\n--palette-3-light-2-r: 221;\n--palette-3-light-2-g: 217;\n--palette-3-light-2-b: 217;\n--palette-3-light-2-contrast: black;\n--palette-3-light-2-contrast-darker: black;\n--palette-3-light-2-text-color: var(--body-color);\n--palette-3-light-3: #f6f5f5;\n--palette-3-light-3-darker: #dfdbdb;\n--palette-3-light-3-r: 246;\n--palette-3-light-3-g: 245;\n--palette-3-light-3-b: 245;\n--palette-3-light-3-contrast: black;\n--palette-3-light-3-contrast-darker: black;\n--palette-3-light-3-text-color: var(--body-color);\n--palette-4-base: #92e4fd;\n--palette-4-base-darker: #6bdafc;\n--palette-4-base-r: 146;\n--palette-4-base-g: 228;\n--palette-4-base-b: 253;\n--palette-4-base-contrast: black;\n--palette-4-base-contrast-darker: black;\n--palette-4-base-text-color: var(--body-color);\n--palette-4-dark-3: #293133;\n--palette-4-dark-3-darker: #252c2e;\n--palette-4-dark-3-r: 41;\n--palette-4-dark-3-g: 49;\n--palette-4-dark-3-b: 51;\n--palette-4-dark-3-contrast: white;\n--palette-4-dark-3-contrast-darker: white;\n--palette-4-dark-3-text-color: var(--body-alt-color);\n--palette-4-dark-2: #496168;\n--palette-4-dark-2-darker: #42575e;\n--palette-4-dark-2-r: 73;\n--palette-4-dark-2-g: 97;\n--palette-4-dark-2-b: 104;\n--palette-4-dark-2-contrast: white;\n--palette-4-dark-2-contrast-darker: white;\n--palette-4-dark-2-text-color: var(--body-alt-color);\n--palette-4-dark-1: #5f8e9c;\n--palette-4-dark-1-darker: #56808c;\n--palette-4-dark-1-r: 95;\n--palette-4-dark-1-g: 142;\n--palette-4-dark-1-b: 156;\n--palette-4-dark-1-contrast: white;\n--palette-4-dark-1-contrast-darker: white;\n--palette-4-dark-1-text-color: var(--body-alt-color);\n--palette-4: #6cb9d1;\n--palette-4-darker: #54aec9;\n--palette-4-r: 108;\n--palette-4-g: 185;\n--palette-4-b: 209;\n--palette-4-contrast: white;\n--palette-4-contrast-darker: white;\n--palette-4-text-color: var(--body-alt-color);\n--palette-4-light-1: #92e4fd;\n--palette-4-light-1-darker: #6bdafc;\n--palette-4-light-1-r: 146;\n--palette-4-light-1-g: 228;\n--palette-4-light-1-b: 253;\n--palette-4-light-1-contrast: black;\n--palette-4-light-1-contrast-darker: black;\n--palette-4-light-1-text-color: var(--body-color);\n--palette-4-light-2: #c3f0fe;\n--palette-4-light-2-darker: #97e5fd;\n--palette-4-light-2-r: 195;\n--palette-4-light-2-g: 240;\n--palette-4-light-2-b: 254;\n--palette-4-light-2-contrast: black;\n--palette-4-light-2-contrast-darker: black;\n--palette-4-light-2-text-color: var(--body-color);\n--palette-4-light-3: #f4fcff;\n--palette-4-light-3-darker: #c2eeff;\n--palette-4-light-3-r: 244;\n--palette-4-light-3-g: 252;\n--palette-4-light-3-b: 255;\n--palette-4-light-3-contrast: black;\n--palette-4-light-3-contrast-darker: black;\n--palette-4-light-3-text-color: var(--body-color);\n--palette-5-base: #b8c1cc;\n--palette-5-base-darker: #a1adbc;\n--palette-5-base-r: 184;\n--palette-5-base-g: 193;\n--palette-5-base-b: 204;\n--palette-5-base-contrast: black;\n--palette-5-base-contrast-darker: white;\n--palette-5-base-text-color: var(--body-color);\n--palette-5-dark-3: #292d33;\n--palette-5-dark-3-darker: #25292e;\n--palette-5-dark-3-r: 41;\n--palette-5-dark-3-g: 45;\n--palette-5-dark-3-b: 51;\n--palette-5-dark-3-contrast: white;\n--palette-5-dark-3-contrast-darker: white;\n--palette-5-dark-3-text-color: var(--body-alt-color);\n--palette-5-dark-2: #555d66;\n--palette-5-dark-2-darker: #4d545c;\n--palette-5-dark-2-r: 85;\n--palette-5-dark-2-g: 93;\n--palette-5-dark-2-b: 102;\n--palette-5-dark-2-contrast: white;\n--palette-5-dark-2-contrast-darker: white;\n--palette-5-dark-2-text-color: var(--body-alt-color);\n--palette-5-dark-1: #858e99;\n--palette-5-dark-1-darker: #75808c;\n--palette-5-dark-1-r: 133;\n--palette-5-dark-1-g: 142;\n--palette-5-dark-1-b: 153;\n--palette-5-dark-1-contrast: white;\n--palette-5-dark-1-contrast-darker: white;\n--palette-5-dark-1-text-color: var(--body-alt-color);\n--palette-5: #b8c1cc;\n--palette-5-darker: #a1adbc;\n--palette-5-r: 184;\n--palette-5-g: 193;\n--palette-5-b: 204;\n--palette-5-contrast: black;\n--palette-5-contrast-darker: white;\n--palette-5-text-color: var(--body-color);\n--palette-5-light-1: #ccd3db;\n--palette-5-light-1-darker: #b3bec9;\n--palette-5-light-1-r: 204;\n--palette-5-light-1-g: 211;\n--palette-5-light-1-b: 219;\n--palette-5-light-1-contrast: black;\n--palette-5-light-1-contrast-darker: black;\n--palette-5-light-1-text-color: var(--body-color);\n--palette-5-light-2: #e0e5eb;\n--palette-5-light-2-darker: #c4ced9;\n--palette-5-light-2-r: 224;\n--palette-5-light-2-g: 229;\n--palette-5-light-2-b: 235;\n--palette-5-light-2-contrast: black;\n--palette-5-light-2-contrast-darker: black;\n--palette-5-light-2-text-color: var(--body-color);\n--palette-5-light-3: #f5f7fa;\n--palette-5-light-3-darker: #d4dde9;\n--palette-5-light-3-r: 245;\n--palette-5-light-3-g: 247;\n--palette-5-light-3-b: 250;\n--palette-5-light-3-contrast: black;\n--palette-5-light-3-contrast-darker: black;\n--palette-5-light-3-text-color: var(--body-color);\n--grey-40: #999999;\n--grey-40-darker: #8a8a8a;\n--grey-40-r: 153;\n--grey-40-g: 153;\n--grey-40-b: 153;\n--grey-40-contrast: white;\n--grey-40-contrast-darker: white;\n--grey-40-text-color: var(--body-alt-color);\n--grey-30: #b3b3b3;\n--grey-30-darker: #a1a1a1;\n--grey-30-r: 179;\n--grey-30-g: 179;\n--grey-30-b: 179;\n--grey-30-contrast: white;\n--grey-30-contrast-darker: white;\n--grey-30-text-color: var(--body-alt-color);\n--grey-25: #c0c0c0;\n--grey-25-darker: #adadad;\n--grey-25-r: 192;\n--grey-25-g: 192;\n--grey-25-b: 192;\n--grey-25-contrast: black;\n--grey-25-contrast-darker: white;\n--grey-25-text-color: var(--body-color);\n--white: #ffffff;\n--white-darker: #e6e6e6;\n--white-r: 255;\n--white-g: 255;\n--white-b: 255;\n--white-contrast: black;\n--white-contrast-darker: black;\n--white-text-color: var(--body-color);\n--grey-15: #d9d9d9;\n--grey-15-darker: #c3c3c3;\n--grey-15-r: 217;\n--grey-15-g: 217;\n--grey-15-b: 217;\n--grey-15-contrast: black;\n--grey-15-contrast-darker: black;\n--grey-15-text-color: var(--body-color);\n--grey-10: #e5e5e5;\n--grey-10-darker: #cecece;\n--grey-10-r: 229;\n--grey-10-g: 229;\n--grey-10-b: 229;\n--grey-10-contrast: black;\n--grey-10-contrast-darker: black;\n--grey-10-text-color: var(--body-color);\n--grey-5: #f2f2f2;\n--grey-5-darker: #dadada;\n--grey-5-r: 242;\n--grey-5-g: 242;\n--grey-5-b: 242;\n--grey-5-contrast: black;\n--grey-5-contrast-darker: black;\n--grey-5-text-color: var(--body-color);\n--grey-90: #1a1a1a;\n--grey-90-darker: #171717;\n--grey-90-r: 26;\n--grey-90-g: 26;\n--grey-90-b: 26;\n--grey-90-contrast: white;\n--grey-90-contrast-darker: white;\n--grey-90-text-color: var(--body-alt-color);\n--grey-80: #333333;\n--grey-80-darker: #2e2e2e;\n--grey-80-r: 51;\n--grey-80-g: 51;\n--grey-80-b: 51;\n--grey-80-contrast: white;\n--grey-80-contrast-darker: white;\n--grey-80-text-color: var(--body-alt-color);\n--grey-75: #404040;\n--grey-75-darker: #3a3a3a;\n--grey-75-r: 64;\n--grey-75-g: 64;\n--grey-75-b: 64;\n--grey-75-contrast: white;\n--grey-75-contrast-darker: white;\n--grey-75-text-color: var(--body-alt-color);\n--black: #000000;\n--black-darker: #000000;\n--black-r: 0;\n--black-g: 0;\n--black-b: 0;\n--black-contrast: white;\n--black-contrast-darker: white;\n--black-text-color: var(--body-alt-color);\n--grey-70: #4d4d4d;\n--grey-70-darker: #454545;\n--grey-70-r: 77;\n--grey-70-g: 77;\n--grey-70-b: 77;\n--grey-70-contrast: white;\n--grey-70-contrast-darker: white;\n--grey-70-text-color: var(--body-alt-color);\n--grey-60: #666666;\n--grey-60-darker: #5c5c5c;\n--grey-60-r: 102;\n--grey-60-g: 102;\n--grey-60-b: 102;\n--grey-60-contrast: white;\n--grey-60-contrast-darker: white;\n--grey-60-text-color: var(--body-alt-color);\n--grey-50: #808080;\n--grey-50-darker: #737373;\n--grey-50-r: 128;\n--grey-50-g: 128;\n--grey-50-b: 128;\n--grey-50-contrast: white;\n--grey-50-contrast-darker: white;\n--grey-50-text-color: var(--body-alt-color);\n--grey-dark-3: #212121;\n--grey-dark-3-darker: #1e1e1e;\n--grey-dark-3-r: 33;\n--grey-dark-3-g: 33;\n--grey-dark-3-b: 33;\n--grey-dark-3-contrast: white;\n--grey-dark-3-contrast-darker: white;\n--grey-dark-3-text-color: var(--body-alt-color);\n--grey-dark-2: #333333;\n--grey-dark-2-darker: #2e2e2e;\n--grey-dark-2-r: 51;\n--grey-dark-2-g: 51;\n--grey-dark-2-b: 51;\n--grey-dark-2-contrast: white;\n--grey-dark-2-contrast-darker: white;\n--grey-dark-2-text-color: var(--body-alt-color);\n--grey-dark-1: #454545;\n--grey-dark-1-darker: #3e3e3e;\n--grey-dark-1-r: 69;\n--grey-dark-1-g: 69;\n--grey-dark-1-b: 69;\n--grey-dark-1-contrast: white;\n--grey-dark-1-contrast-darker: white;\n--grey-dark-1-text-color: var(--body-alt-color);\n--grey: #b3b3b3;\n--grey-darker: #a1a1a1;\n--grey-r: 179;\n--grey-g: 179;\n--grey-b: 179;\n--grey-contrast: white;\n--grey-contrast-darker: white;\n--grey-text-color: var(--body-alt-color);\n--grey-light-1: #d9d9d9;\n--grey-light-1-darker: #c3c3c3;\n--grey-light-1-r: 217;\n--grey-light-1-g: 217;\n--grey-light-1-b: 217;\n--grey-light-1-contrast: black;\n--grey-light-1-contrast-darker: black;\n--grey-light-1-text-color: var(--body-color);\n--grey-light-2: #eeeeee;\n--grey-light-2-darker: #d6d6d6;\n--grey-light-2-r: 238;\n--grey-light-2-g: 238;\n--grey-light-2-b: 238;\n--grey-light-2-contrast: black;\n--grey-light-2-contrast-darker: black;\n--grey-light-2-text-color: var(--body-color);\n--grey-light-3: #f6f6f6;\n--grey-light-3-darker: #dddddd;\n--grey-light-3-r: 246;\n--grey-light-3-g: 246;\n--grey-light-3-b: 246;\n--grey-light-3-contrast: black;\n--grey-light-3-contrast-darker: black;\n--grey-light-3-text-color: var(--body-color);\n--color-1-base: #f4cb08;\n--color-1-base-darker: #dcb707;\n--color-1-base-r: 244;\n--color-1-base-g: 203;\n--color-1-base-b: 8;\n--color-1-base-contrast: black;\n--color-1-base-contrast-darker: white;\n--color-1-base-text-color: var(--body-color);\n--color-1-dark-3: #333129;\n--color-1-dark-3-darker: #2e2c25;\n--color-1-dark-3-r: 51;\n--color-1-dark-3-g: 49;\n--color-1-dark-3-b: 41;\n--color-1-dark-3-contrast: white;\n--color-1-dark-3-contrast-darker: white;\n--color-1-dark-3-text-color: var(--body-alt-color);\n--color-1-dark-2: #736a3f;\n--color-1-dark-2-darker: #685f39;\n--color-1-dark-2-r: 115;\n--color-1-dark-2-g: 106;\n--color-1-dark-2-b: 63;\n--color-1-dark-2-contrast: white;\n--color-1-dark-2-contrast-darker: white;\n--color-1-dark-2-text-color: var(--body-alt-color);\n--color-1-dark-1: #b49d34;\n--color-1-dark-1-darker: #a28d2f;\n--color-1-dark-1-r: 180;\n--color-1-dark-1-g: 157;\n--color-1-dark-1-b: 52;\n--color-1-dark-1-contrast: white;\n--color-1-dark-1-contrast-darker: white;\n--color-1-dark-1-text-color: var(--body-alt-color);\n--color-1: #f4cb08;\n--color-1-darker: #dcb707;\n--color-1-r: 244;\n--color-1-g: 203;\n--color-1-b: 8;\n--color-1-contrast: black;\n--color-1-contrast-darker: white;\n--color-1-text-color: var(--body-color);\n--color-1-light-1: #f7da50;\n--color-1-light-1-darker: #f6d331;\n--color-1-light-1-r: 247;\n--color-1-light-1-g: 218;\n--color-1-light-1-b: 80;\n--color-1-light-1-contrast: black;\n--color-1-light-1-contrast-darker: black;\n--color-1-light-1-text-color: var(--body-color);\n--color-1-light-2: #fbea9a;\n--color-1-light-2-darker: #f9e273;\n--color-1-light-2-r: 251;\n--color-1-light-2-g: 234;\n--color-1-light-2-b: 154;\n--color-1-light-2-contrast: black;\n--color-1-light-2-contrast-darker: black;\n--color-1-light-2-text-color: var(--body-color);\n--color-1-light-3: #fefae5;\n--color-1-light-3-darker: #fcf1b6;\n--color-1-light-3-r: 254;\n--color-1-light-3-g: 250;\n--color-1-light-3-b: 229;\n--color-1-light-3-contrast: black;\n--color-1-light-3-contrast-darker: black;\n--color-1-light-3-text-color: var(--body-color);\n--color-2-base: #2c2c2c;\n--color-2-base-darker: #282828;\n--color-2-base-r: 44;\n--color-2-base-g: 44;\n--color-2-base-b: 44;\n--color-2-base-contrast: white;\n--color-2-base-contrast-darker: white;\n--color-2-base-text-color: var(--body-alt-color);\n--color-2-dark-3: #332929;\n--color-2-dark-3-darker: #2e2525;\n--color-2-dark-3-r: 51;\n--color-2-dark-3-g: 41;\n--color-2-dark-3-b: 41;\n--color-2-dark-3-contrast: white;\n--color-2-dark-3-contrast-darker: white;\n--color-2-dark-3-text-color: var(--body-alt-color);\n--color-2-dark-2: #2c2c2c;\n--color-2-dark-2-darker: #282828;\n--color-2-dark-2-r: 44;\n--color-2-dark-2-g: 44;\n--color-2-dark-2-b: 44;\n--color-2-dark-2-contrast: white;\n--color-2-dark-2-contrast-darker: white;\n--color-2-dark-2-text-color: var(--body-alt-color);\n--color-2-dark-1: #6b6969;\n--color-2-dark-1-darker: #605e5e;\n--color-2-dark-1-r: 107;\n--color-2-dark-1-g: 105;\n--color-2-dark-1-b: 105;\n--color-2-dark-1-contrast: white;\n--color-2-dark-1-contrast-darker: white;\n--color-2-dark-1-text-color: var(--body-alt-color);\n--color-2: #a9a3a3;\n--color-2-darker: #999292;\n--color-2-r: 169;\n--color-2-g: 163;\n--color-2-b: 163;\n--color-2-contrast: white;\n--color-2-contrast-darker: white;\n--color-2-text-color: var(--body-alt-color);\n--color-2-light-1: #c3bebe;\n--color-2-light-1-darker: #b1aaaa;\n--color-2-light-1-r: 195;\n--color-2-light-1-g: 190;\n--color-2-light-1-b: 190;\n--color-2-light-1-contrast: black;\n--color-2-light-1-contrast-darker: white;\n--color-2-light-1-text-color: var(--body-color);\n--color-2-light-2: #ddd9d9;\n--color-2-light-2-darker: #c8c2c2;\n--color-2-light-2-r: 221;\n--color-2-light-2-g: 217;\n--color-2-light-2-b: 217;\n--color-2-light-2-contrast: black;\n--color-2-light-2-contrast-darker: black;\n--color-2-light-2-text-color: var(--body-color);\n--color-2-light-3: #f6f5f5;\n--color-2-light-3-darker: #dfdbdb;\n--color-2-light-3-r: 246;\n--color-2-light-3-g: 245;\n--color-2-light-3-b: 245;\n--color-2-light-3-contrast: black;\n--color-2-light-3-contrast-darker: black;\n--color-2-light-3-text-color: var(--body-color);\n--color-3-base: #171717;\n--color-3-base-darker: #151515;\n--color-3-base-r: 23;\n--color-3-base-g: 23;\n--color-3-base-b: 23;\n--color-3-base-contrast: white;\n--color-3-base-contrast-darker: white;\n--color-3-base-text-color: var(--body-alt-color);\n--color-3-dark-3: #332929;\n--color-3-dark-3-darker: #2e2525;\n--color-3-dark-3-r: 51;\n--color-3-dark-3-g: 41;\n--color-3-dark-3-b: 41;\n--color-3-dark-3-contrast: white;\n--color-3-dark-3-contrast-darker: white;\n--color-3-dark-3-text-color: var(--body-alt-color);\n--color-3-dark-2: #171717;\n--color-3-dark-2-darker: #151515;\n--color-3-dark-2-r: 23;\n--color-3-dark-2-g: 23;\n--color-3-dark-2-b: 23;\n--color-3-dark-2-contrast: white;\n--color-3-dark-2-contrast-darker: white;\n--color-3-dark-2-text-color: var(--body-alt-color);\n--color-3-dark-1: #605e5e;\n--color-3-dark-1-darker: #565555;\n--color-3-dark-1-r: 96;\n--color-3-dark-1-g: 94;\n--color-3-dark-1-b: 94;\n--color-3-dark-1-contrast: white;\n--color-3-dark-1-contrast-darker: white;\n--color-3-dark-1-text-color: var(--body-alt-color);\n--color-3: #a9a3a3;\n--color-3-darker: #999292;\n--color-3-r: 169;\n--color-3-g: 163;\n--color-3-b: 163;\n--color-3-contrast: white;\n--color-3-contrast-darker: white;\n--color-3-text-color: var(--body-alt-color);\n--color-3-light-1: #c3bebe;\n--color-3-light-1-darker: #b1aaaa;\n--color-3-light-1-r: 195;\n--color-3-light-1-g: 190;\n--color-3-light-1-b: 190;\n--color-3-light-1-contrast: black;\n--color-3-light-1-contrast-darker: white;\n--color-3-light-1-text-color: var(--body-color);\n--color-3-light-2: #ddd9d9;\n--color-3-light-2-darker: #c8c2c2;\n--color-3-light-2-r: 221;\n--color-3-light-2-g: 217;\n--color-3-light-2-b: 217;\n--color-3-light-2-contrast: black;\n--color-3-light-2-contrast-darker: black;\n--color-3-light-2-text-color: var(--body-color);\n--color-3-light-3: #f6f5f5;\n--color-3-light-3-darker: #dfdbdb;\n--color-3-light-3-r: 246;\n--color-3-light-3-g: 245;\n--color-3-light-3-b: 245;\n--color-3-light-3-contrast: black;\n--color-3-light-3-contrast-darker: black;\n--color-3-light-3-text-color: var(--body-color);\n--color-4-base: #92e4fd;\n--color-4-base-darker: #6bdafc;\n--color-4-base-r: 146;\n--color-4-base-g: 228;\n--color-4-base-b: 253;\n--color-4-base-contrast: black;\n--color-4-base-contrast-darker: black;\n--color-4-base-text-color: var(--body-color);\n--color-4-dark-3: #293133;\n--color-4-dark-3-darker: #252c2e;\n--color-4-dark-3-r: 41;\n--color-4-dark-3-g: 49;\n--color-4-dark-3-b: 51;\n--color-4-dark-3-contrast: white;\n--color-4-dark-3-contrast-darker: white;\n--color-4-dark-3-text-color: var(--body-alt-color);\n--color-4-dark-2: #496168;\n--color-4-dark-2-darker: #42575e;\n--color-4-dark-2-r: 73;\n--color-4-dark-2-g: 97;\n--color-4-dark-2-b: 104;\n--color-4-dark-2-contrast: white;\n--color-4-dark-2-contrast-darker: white;\n--color-4-dark-2-text-color: var(--body-alt-color);\n--color-4-dark-1: #5f8e9c;\n--color-4-dark-1-darker: #56808c;\n--color-4-dark-1-r: 95;\n--color-4-dark-1-g: 142;\n--color-4-dark-1-b: 156;\n--color-4-dark-1-contrast: white;\n--color-4-dark-1-contrast-darker: white;\n--color-4-dark-1-text-color: var(--body-alt-color);\n--color-4: #6cb9d1;\n--color-4-darker: #54aec9;\n--color-4-r: 108;\n--color-4-g: 185;\n--color-4-b: 209;\n--color-4-contrast: white;\n--color-4-contrast-darker: white;\n--color-4-text-color: var(--body-alt-color);\n--color-4-light-1: #92e4fd;\n--color-4-light-1-darker: #6bdafc;\n--color-4-light-1-r: 146;\n--color-4-light-1-g: 228;\n--color-4-light-1-b: 253;\n--color-4-light-1-contrast: black;\n--color-4-light-1-contrast-darker: black;\n--color-4-light-1-text-color: var(--body-color);\n--color-4-light-2: #c3f0fe;\n--color-4-light-2-darker: #97e5fd;\n--color-4-light-2-r: 195;\n--color-4-light-2-g: 240;\n--color-4-light-2-b: 254;\n--color-4-light-2-contrast: black;\n--color-4-light-2-contrast-darker: black;\n--color-4-light-2-text-color: var(--body-color);\n--color-4-light-3: #f4fcff;\n--color-4-light-3-darker: #c2eeff;\n--color-4-light-3-r: 244;\n--color-4-light-3-g: 252;\n--color-4-light-3-b: 255;\n--color-4-light-3-contrast: black;\n--color-4-light-3-contrast-darker: black;\n--color-4-light-3-text-color: var(--body-color);\n--color-5-base: #b8c1cc;\n--color-5-base-darker: #a1adbc;\n--color-5-base-r: 184;\n--color-5-base-g: 193;\n--color-5-base-b: 204;\n--color-5-base-contrast: black;\n--color-5-base-contrast-darker: white;\n--color-5-base-text-color: var(--body-color);\n--color-5-dark-3: #292d33;\n--color-5-dark-3-darker: #25292e;\n--color-5-dark-3-r: 41;\n--color-5-dark-3-g: 45;\n--color-5-dark-3-b: 51;\n--color-5-dark-3-contrast: white;\n--color-5-dark-3-contrast-darker: white;\n--color-5-dark-3-text-color: var(--body-alt-color);\n--color-5-dark-2: #555d66;\n--color-5-dark-2-darker: #4d545c;\n--color-5-dark-2-r: 85;\n--color-5-dark-2-g: 93;\n--color-5-dark-2-b: 102;\n--color-5-dark-2-contrast: white;\n--color-5-dark-2-contrast-darker: white;\n--color-5-dark-2-text-color: var(--body-alt-color);\n--color-5-dark-1: #858e99;\n--color-5-dark-1-darker: #75808c;\n--color-5-dark-1-r: 133;\n--color-5-dark-1-g: 142;\n--color-5-dark-1-b: 153;\n--color-5-dark-1-contrast: white;\n--color-5-dark-1-contrast-darker: white;\n--color-5-dark-1-text-color: var(--body-alt-color);\n--color-5: #b8c1cc;\n--color-5-darker: #a1adbc;\n--color-5-r: 184;\n--color-5-g: 193;\n--color-5-b: 204;\n--color-5-contrast: black;\n--color-5-contrast-darker: white;\n--color-5-text-color: var(--body-color);\n--color-5-light-1: #ccd3db;\n--color-5-light-1-darker: #b3bec9;\n--color-5-light-1-r: 204;\n--color-5-light-1-g: 211;\n--color-5-light-1-b: 219;\n--color-5-light-1-contrast: black;\n--color-5-light-1-contrast-darker: black;\n--color-5-light-1-text-color: var(--body-color);\n--color-5-light-2: #e0e5eb;\n--color-5-light-2-darker: #c4ced9;\n--color-5-light-2-r: 224;\n--color-5-light-2-g: 229;\n--color-5-light-2-b: 235;\n--color-5-light-2-contrast: black;\n--color-5-light-2-contrast-darker: black;\n--color-5-light-2-text-color: var(--body-color);\n--color-5-light-3: #f5f7fa;\n--color-5-light-3-darker: #d4dde9;\n--color-5-light-3-r: 245;\n--color-5-light-3-g: 247;\n--color-5-light-3-b: 250;\n--color-5-light-3-contrast: black;\n--color-5-light-3-contrast-darker: black;\n--color-5-light-3-text-color: var(--body-color);\n--white-contrast: var(--body-color);\n--shading-contrast: var(--body-alt-color);\n--bg-contrast: var(--body-color);\n}.u-custom-color-1,\n        .u-body.u-custom-color-1,\n        .u-container-style.u-custom-color-1:before,\n        .u-table-alt-custom-color-1 tr:nth-child(even)\n        {\n            color: var(--custom-color-1-text-color);\n            background-color: var(--custom-color-1);\n        }\n\n        .u-button-style.u-custom-color-1,\n        .u-button-style.u-custom-color-1[class*=\"u-border-\"]\n        {\n            color: var(--custom-color-1-text-color) !important;\n            background-color: var(--custom-color-1) !important;\n        }\n\n        .u-button-style.u-custom-color-1:hover,\n        .u-button-style.u-custom-color-1[class*=\"u-border-\"]:hover,\n        .u-button-style.u-custom-color-1:focus,\n        .u-button-style.u-custom-color-1[class*=\"u-border-\"]:focus,\n        .u-button-style.u-button-style.u-custom-color-1:active,\n        .u-button-style.u-button-style.u-custom-color-1[class*=\"u-border-\"]:active,\n        .u-button-style.u-button-style.u-custom-color-1.active,\n        .u-button-style.u-button-style.u-custom-color-1[class*=\"u-border-\"].active,\n        li.active > .u-button-style.u-button-style.u-custom-color-1,\n        li.active > .u-button-style.u-button-style.u-custom-color-1[class*=\"u-border-\"]\n        {\n            color: var(--custom-color-1-text-color) !important;\n            background-color: var(--custom-color-1-darker) !important;\n        }\n\n        .u-hover-custom-color-1:hover,\n        .u-hover-custom-color-1[class*=\"u-border-\"]:hover,\n        .u-hover-custom-color-1:focus,\n        .u-hover-custom-color-1[class*=\"u-border-\"]:focus,\n        .u-active-custom-color-1.u-active.u-active,\n        .u-active-custom-color-1[class*=\"u-border-\"].u-active.u-active,\n        a.u-button-style.u-hover-custom-color-1:hover,\n        a.u-button-style.u-hover-custom-color-1[class*=\"u-border-\"]:hover,\n        a.u-button-style.u-hover-custom-color-1:focus,\n        a.u-button-style.u-hover-custom-color-1[class*=\"u-border-\"]:focus,\n        a.u-button-style.u-button-style.u-active-custom-color-1:active,\n        a.u-button-style.u-button-style.u-active-custom-color-1[class*=\"u-border-\"]:active,\n        a.u-button-style.u-button-style.u-active-custom-color-1.active,\n        a.u-button-style.u-button-style.u-active-custom-color-1[class*=\"u-border-\"].active,\n        li.active > a.u-button-style.u-button-style.u-active-custom-color-1,\n        li.active > a.u-button-style.u-button-style.u-active-custom-color-1[class*=\"u-border-\"]\n        {\n            color: var(--custom-color-1-text-color) !important;\n            background-color: var(--custom-color-1) !important;\n        }\n\n        a.u-link.u-hover-custom-color-1:hover {\n            color: var(--custom-color-1) !important;\n        }\n\n        \n        \n        .u-custom-color-2,\n        .u-body.u-custom-color-2,\n        .u-container-style.u-custom-color-2:before,\n        .u-table-alt-custom-color-2 tr:nth-child(even)\n        {\n            color: var(--custom-color-2-text-color);\n            background-color: var(--custom-color-2);\n        }\n\n        .u-button-style.u-custom-color-2,\n        .u-button-style.u-custom-color-2[class*=\"u-border-\"]\n        {\n            color: var(--custom-color-2-text-color) !important;\n            background-color: var(--custom-color-2) !important;\n        }\n\n        .u-button-style.u-custom-color-2:hover,\n        .u-button-style.u-custom-color-2[class*=\"u-border-\"]:hover,\n        .u-button-style.u-custom-color-2:focus,\n        .u-button-style.u-custom-color-2[class*=\"u-border-\"]:focus,\n        .u-button-style.u-button-style.u-custom-color-2:active,\n        .u-button-style.u-button-style.u-custom-color-2[class*=\"u-border-\"]:active,\n        .u-button-style.u-button-style.u-custom-color-2.active,\n        .u-button-style.u-button-style.u-custom-color-2[class*=\"u-border-\"].active,\n        li.active > .u-button-style.u-button-style.u-custom-color-2,\n        li.active > .u-button-style.u-button-style.u-custom-color-2[class*=\"u-border-\"]\n        {\n            color: var(--custom-color-2-text-color) !important;\n            background-color: var(--custom-color-2-darker) !important;\n        }\n\n        .u-hover-custom-color-2:hover,\n        .u-hover-custom-color-2[class*=\"u-border-\"]:hover,\n        .u-hover-custom-color-2:focus,\n        .u-hover-custom-color-2[class*=\"u-border-\"]:focus,\n        .u-active-custom-color-2.u-active.u-active,\n        .u-active-custom-color-2[class*=\"u-border-\"].u-active.u-active,\n        a.u-button-style.u-hover-custom-color-2:hover,\n        a.u-button-style.u-hover-custom-color-2[class*=\"u-border-\"]:hover,\n        a.u-button-style.u-hover-custom-color-2:focus,\n        a.u-button-style.u-hover-custom-color-2[class*=\"u-border-\"]:focus,\n        a.u-button-style.u-button-style.u-active-custom-color-2:active,\n        a.u-button-style.u-button-style.u-active-custom-color-2[class*=\"u-border-\"]:active,\n        a.u-button-style.u-button-style.u-active-custom-color-2.active,\n        a.u-button-style.u-button-style.u-active-custom-color-2[class*=\"u-border-\"].active,\n        li.active > a.u-button-style.u-button-style.u-active-custom-color-2,\n        li.active > a.u-button-style.u-button-style.u-active-custom-color-2[class*=\"u-border-\"]\n        {\n            color: var(--custom-color-2-text-color) !important;\n            background-color: var(--custom-color-2) !important;\n        }\n\n        a.u-link.u-hover-custom-color-2:hover {\n            color: var(--custom-color-2) !important;\n        }\n\n        \n        \n        .u-custom-color-3,\n        .u-body.u-custom-color-3,\n        .u-container-style.u-custom-color-3:before,\n        .u-table-alt-custom-color-3 tr:nth-child(even)\n        {\n            color: var(--custom-color-3-text-color);\n            background-color: var(--custom-color-3);\n        }\n\n        .u-button-style.u-custom-color-3,\n        .u-button-style.u-custom-color-3[class*=\"u-border-\"]\n        {\n            color: var(--custom-color-3-text-color) !important;\n            background-color: var(--custom-color-3) !important;\n        }\n\n        .u-button-style.u-custom-color-3:hover,\n        .u-button-style.u-custom-color-3[class*=\"u-border-\"]:hover,\n        .u-button-style.u-custom-color-3:focus,\n        .u-button-style.u-custom-color-3[class*=\"u-border-\"]:focus,\n        .u-button-style.u-button-style.u-custom-color-3:active,\n        .u-button-style.u-button-style.u-custom-color-3[class*=\"u-border-\"]:active,\n        .u-button-style.u-button-style.u-custom-color-3.active,\n        .u-button-style.u-button-style.u-custom-color-3[class*=\"u-border-\"].active,\n        li.active > .u-button-style.u-button-style.u-custom-color-3,\n        li.active > .u-button-style.u-button-style.u-custom-color-3[class*=\"u-border-\"]\n        {\n            color: var(--custom-color-3-text-color) !important;\n            background-color: var(--custom-color-3-darker) !important;\n        }\n\n        .u-hover-custom-color-3:hover,\n        .u-hover-custom-color-3[class*=\"u-border-\"]:hover,\n        .u-hover-custom-color-3:focus,\n        .u-hover-custom-color-3[class*=\"u-border-\"]:focus,\n        .u-active-custom-color-3.u-active.u-active,\n        .u-active-custom-color-3[class*=\"u-border-\"].u-active.u-active,\n        a.u-button-style.u-hover-custom-color-3:hover,\n        a.u-button-style.u-hover-custom-color-3[class*=\"u-border-\"]:hover,\n        a.u-button-style.u-hover-custom-color-3:focus,\n        a.u-button-style.u-hover-custom-color-3[class*=\"u-border-\"]:focus,\n        a.u-button-style.u-button-style.u-active-custom-color-3:active,\n        a.u-button-style.u-button-style.u-active-custom-color-3[class*=\"u-border-\"]:active,\n        a.u-button-style.u-button-style.u-active-custom-color-3.active,\n        a.u-button-style.u-button-style.u-active-custom-color-3[class*=\"u-border-\"].active,\n        li.active > a.u-button-style.u-button-style.u-active-custom-color-3,\n        li.active > a.u-button-style.u-button-style.u-active-custom-color-3[class*=\"u-border-\"]\n        {\n            color: var(--custom-color-3-text-color) !important;\n            background-color: var(--custom-color-3) !important;\n        }\n\n        a.u-link.u-hover-custom-color-3:hover {\n            color: var(--custom-color-3) !important;\n        }\n\n        \n        \n        .u-custom-color-4,\n        .u-body.u-custom-color-4,\n        .u-container-style.u-custom-color-4:before,\n        .u-table-alt-custom-color-4 tr:nth-child(even)\n        {\n            color: var(--custom-color-4-text-color);\n            background-color: var(--custom-color-4);\n        }\n\n        .u-button-style.u-custom-color-4,\n        .u-button-style.u-custom-color-4[class*=\"u-border-\"]\n        {\n            color: var(--custom-color-4-text-color) !important;\n            background-color: var(--custom-color-4) !important;\n        }\n\n        .u-button-style.u-custom-color-4:hover,\n        .u-button-style.u-custom-color-4[class*=\"u-border-\"]:hover,\n        .u-button-style.u-custom-color-4:focus,\n        .u-button-style.u-custom-color-4[class*=\"u-border-\"]:focus,\n        .u-button-style.u-button-style.u-custom-color-4:active,\n        .u-button-style.u-button-style.u-custom-color-4[class*=\"u-border-\"]:active,\n        .u-button-style.u-button-style.u-custom-color-4.active,\n        .u-button-style.u-button-style.u-custom-color-4[class*=\"u-border-\"].active,\n        li.active > .u-button-style.u-button-style.u-custom-color-4,\n        li.active > .u-button-style.u-button-style.u-custom-color-4[class*=\"u-border-\"]\n        {\n            color: var(--custom-color-4-text-color) !important;\n            background-color: var(--custom-color-4-darker) !important;\n        }\n\n        .u-hover-custom-color-4:hover,\n        .u-hover-custom-color-4[class*=\"u-border-\"]:hover,\n        .u-hover-custom-color-4:focus,\n        .u-hover-custom-color-4[class*=\"u-border-\"]:focus,\n        .u-active-custom-color-4.u-active.u-active,\n        .u-active-custom-color-4[class*=\"u-border-\"].u-active.u-active,\n        a.u-button-style.u-hover-custom-color-4:hover,\n        a.u-button-style.u-hover-custom-color-4[class*=\"u-border-\"]:hover,\n        a.u-button-style.u-hover-custom-color-4:focus,\n        a.u-button-style.u-hover-custom-color-4[class*=\"u-border-\"]:focus,\n        a.u-button-style.u-button-style.u-active-custom-color-4:active,\n        a.u-button-style.u-button-style.u-active-custom-color-4[class*=\"u-border-\"]:active,\n        a.u-button-style.u-button-style.u-active-custom-color-4.active,\n        a.u-button-style.u-button-style.u-active-custom-color-4[class*=\"u-border-\"].active,\n        li.active > a.u-button-style.u-button-style.u-active-custom-color-4,\n        li.active > a.u-button-style.u-button-style.u-active-custom-color-4[class*=\"u-border-\"]\n        {\n            color: var(--custom-color-4-text-color) !important;\n            background-color: var(--custom-color-4) !important;\n        }\n\n        a.u-link.u-hover-custom-color-4:hover {\n            color: var(--custom-color-4) !important;\n        }\n\n        \n\n        \n        .u-border-custom-color-1,\n        .u-separator-custom-color-1:after\n        {\n            border-color: var(--custom-color-1);\n            stroke: var(--custom-color-1);\n        }\n\n        .u-button-style.u-border-custom-color-1\n        {\n            border-color: var(--custom-color-1) !important;\n            color: var(--custom-color-1) !important;\n            background-color: transparent !important;\n        }\n\n        .u-button-style.u-border-custom-color-1:hover,\n        .u-button-style.u-border-custom-color-1:focus\n        {\n            border-color: var(--custom-color-1-darker) !important;\n            color: var(--custom-color-1-darker) !important;\n            background-color: transparent !important;\n        }\n\n        .u-border-hover-custom-color-1:hover,\n        .u-border-hover-custom-color-1:focus,\n        .u-border-active-custom-color-1.u-active.u-active,\n        a.u-button-style.u-border-hover-custom-color-1:hover,\n        a.u-button-style.u-border-hover-custom-color-1:focus,\n        a.u-button-style.u-button-style.u-border-active-custom-color-1:active,\n        a.u-button-style.u-button-style.u-border-active-custom-color-1.active,\n        li.active > a.u-button-style.u-button-style.u-border-active-custom-color-1\n        {\n            color: var(--custom-color-1) !important;\n            border-color: var(--custom-color-1) !important;\n        }\n\n        .u-link.u-border-custom-color-1[class*=\"u-border-\"]\n        {\n            border-color: var(--custom-color-1) !important;\n        }\n\n        .u-link.u-border-custom-color-1[class*=\"u-border-\"]:hover\n        {\n            border-color: var(--custom-color-1-darker) !important;\n        }\n        \n        \n        .u-border-custom-color-2,\n        .u-separator-custom-color-2:after\n        {\n            border-color: var(--custom-color-2);\n            stroke: var(--custom-color-2);\n        }\n\n        .u-button-style.u-border-custom-color-2\n        {\n            border-color: var(--custom-color-2) !important;\n            color: var(--custom-color-2) !important;\n            background-color: transparent !important;\n        }\n\n        .u-button-style.u-border-custom-color-2:hover,\n        .u-button-style.u-border-custom-color-2:focus\n        {\n            border-color: var(--custom-color-2-darker) !important;\n            color: var(--custom-color-2-darker) !important;\n            background-color: transparent !important;\n        }\n\n        .u-border-hover-custom-color-2:hover,\n        .u-border-hover-custom-color-2:focus,\n        .u-border-active-custom-color-2.u-active.u-active,\n        a.u-button-style.u-border-hover-custom-color-2:hover,\n        a.u-button-style.u-border-hover-custom-color-2:focus,\n        a.u-button-style.u-button-style.u-border-active-custom-color-2:active,\n        a.u-button-style.u-button-style.u-border-active-custom-color-2.active,\n        li.active > a.u-button-style.u-button-style.u-border-active-custom-color-2\n        {\n            color: var(--custom-color-2) !important;\n            border-color: var(--custom-color-2) !important;\n        }\n\n        .u-link.u-border-custom-color-2[class*=\"u-border-\"]\n        {\n            border-color: var(--custom-color-2) !important;\n        }\n\n        .u-link.u-border-custom-color-2[class*=\"u-border-\"]:hover\n        {\n            border-color: var(--custom-color-2-darker) !important;\n        }\n        \n        \n        .u-border-custom-color-3,\n        .u-separator-custom-color-3:after\n        {\n            border-color: var(--custom-color-3);\n            stroke: var(--custom-color-3);\n        }\n\n        .u-button-style.u-border-custom-color-3\n        {\n            border-color: var(--custom-color-3) !important;\n            color: var(--custom-color-3) !important;\n            background-color: transparent !important;\n        }\n\n        .u-button-style.u-border-custom-color-3:hover,\n        .u-button-style.u-border-custom-color-3:focus\n        {\n            border-color: var(--custom-color-3-darker) !important;\n            color: var(--custom-color-3-darker) !important;\n            background-color: transparent !important;\n        }\n\n        .u-border-hover-custom-color-3:hover,\n        .u-border-hover-custom-color-3:focus,\n        .u-border-active-custom-color-3.u-active.u-active,\n        a.u-button-style.u-border-hover-custom-color-3:hover,\n        a.u-button-style.u-border-hover-custom-color-3:focus,\n        a.u-button-style.u-button-style.u-border-active-custom-color-3:active,\n        a.u-button-style.u-button-style.u-border-active-custom-color-3.active,\n        li.active > a.u-button-style.u-button-style.u-border-active-custom-color-3\n        {\n            color: var(--custom-color-3) !important;\n            border-color: var(--custom-color-3) !important;\n        }\n\n        .u-link.u-border-custom-color-3[class*=\"u-border-\"]\n        {\n            border-color: var(--custom-color-3) !important;\n        }\n\n        .u-link.u-border-custom-color-3[class*=\"u-border-\"]:hover\n        {\n            border-color: var(--custom-color-3-darker) !important;\n        }\n        \n        \n        .u-border-custom-color-4,\n        .u-separator-custom-color-4:after\n        {\n            border-color: var(--custom-color-4);\n            stroke: var(--custom-color-4);\n        }\n\n        .u-button-style.u-border-custom-color-4\n        {\n            border-color: var(--custom-color-4) !important;\n            color: var(--custom-color-4) !important;\n            background-color: transparent !important;\n        }\n\n        .u-button-style.u-border-custom-color-4:hover,\n        .u-button-style.u-border-custom-color-4:focus\n        {\n            border-color: var(--custom-color-4-darker) !important;\n            color: var(--custom-color-4-darker) !important;\n            background-color: transparent !important;\n        }\n\n        .u-border-hover-custom-color-4:hover,\n        .u-border-hover-custom-color-4:focus,\n        .u-border-active-custom-color-4.u-active.u-active,\n        a.u-button-style.u-border-hover-custom-color-4:hover,\n        a.u-button-style.u-border-hover-custom-color-4:focus,\n        a.u-button-style.u-button-style.u-border-active-custom-color-4:active,\n        a.u-button-style.u-button-style.u-border-active-custom-color-4.active,\n        li.active > a.u-button-style.u-button-style.u-border-active-custom-color-4\n        {\n            color: var(--custom-color-4) !important;\n            border-color: var(--custom-color-4) !important;\n        }\n\n        .u-link.u-border-custom-color-4[class*=\"u-border-\"]\n        {\n            border-color: var(--custom-color-4) !important;\n        }\n\n        .u-link.u-border-custom-color-4[class*=\"u-border-\"]:hover\n        {\n            border-color: var(--custom-color-4-darker) !important;\n        }\n        \n\n        \n        .u-text-custom-color-1,\n        a.u-button-style.u-text-custom-color-1,\n        a.u-button-style.u-text-custom-color-1[class*=\"u-border-\"]\n        {\n            color: var(--custom-color-1) !important;\n        }\n\n        a.u-button-style.u-text-custom-color-1:hover,\n        a.u-button-style.u-text-custom-color-1[class*=\"u-border-\"]:hover,\n        a.u-button-style.u-text-custom-color-1:focus,\n        a.u-button-style.u-text-custom-color-1[class*=\"u-border-\"]:focus,\n        a.u-button-style.u-button-style.u-text-custom-color-1:active,\n        a.u-button-style.u-button-style.u-text-custom-color-1[class*=\"u-border-\"]:active,\n        a.u-button-style.u-button-style.u-text-custom-color-1.active,\n        a.u-button-style.u-button-style.u-text-custom-color-1[class*=\"u-border-\"].active\n        {\n            color: var(--custom-color-1-darker) !important;\n        }\n\n        a.u-button-style.u-button-style.u-text-hover-custom-color-1:hover,\n        a.u-button-style.u-button-style.u-text-hover-custom-color-1[class*=\"u-border-\"]:hover,\n        a.u-button-style.u-button-style.u-text-hover-custom-color-1:focus,\n        a.u-button-style.u-button-style.u-text-hover-custom-color-1[class*=\"u-border-\"]:focus,\n        a.u-button-style.u-button-style.u-button-style.u-text-active-custom-color-1:active,\n        a.u-button-style.u-button-style.u-button-style.u-text-active-custom-color-1[class*=\"u-border-\"]:active,\n        a.u-button-style.u-button-style.u-button-style.u-text-active-custom-color-1.active,\n        a.u-button-style.u-button-style.u-button-style.u-text-active-custom-color-1[class*=\"u-border-\"].active,\n        :not(.level-2) > .u-nav > .u-nav-item > a.u-nav-link.u-text-hover-custom-color-1:hover,\n        :not(.level-2) > .u-nav > .u-nav-item > a.u-nav-link.u-nav-link.u-text-active-custom-color-1.active,\n        .u-popupmenu-items.u-text-hover-custom-color-1 .u-nav-link:hover,\n        .u-popupmenu-items.u-popupmenu-items.u-text-active-custom-color-1 .u-nav-link.active\n        {\n            color: var(--custom-color-1) !important;\n        }\n\n        .u-text-custom-color-1 svg,\n        .u-text-hover-custom-color-1:hover svg,\n        .u-text-hover-custom-color-1:focus svg\n        {\n            fill: var(--custom-color-1);\n        }\n\n        .u-link.u-text-custom-color-1:hover\n        {\n            color: var(--custom-color-1-darker) !important;\n        }\n\n        a.u-link.u-text-hover-custom-color-1:hover\n        {\n            color: var(--custom-color-1) !important;\n        }\n        \n        \n        .u-text-custom-color-2,\n        a.u-button-style.u-text-custom-color-2,\n        a.u-button-style.u-text-custom-color-2[class*=\"u-border-\"]\n        {\n            color: var(--custom-color-2) !important;\n        }\n\n        a.u-button-style.u-text-custom-color-2:hover,\n        a.u-button-style.u-text-custom-color-2[class*=\"u-border-\"]:hover,\n        a.u-button-style.u-text-custom-color-2:focus,\n        a.u-button-style.u-text-custom-color-2[class*=\"u-border-\"]:focus,\n        a.u-button-style.u-button-style.u-text-custom-color-2:active,\n        a.u-button-style.u-button-style.u-text-custom-color-2[class*=\"u-border-\"]:active,\n        a.u-button-style.u-button-style.u-text-custom-color-2.active,\n        a.u-button-style.u-button-style.u-text-custom-color-2[class*=\"u-border-\"].active\n        {\n            color: var(--custom-color-2-darker) !important;\n        }\n\n        a.u-button-style.u-button-style.u-text-hover-custom-color-2:hover,\n        a.u-button-style.u-button-style.u-text-hover-custom-color-2[class*=\"u-border-\"]:hover,\n        a.u-button-style.u-button-style.u-text-hover-custom-color-2:focus,\n        a.u-button-style.u-button-style.u-text-hover-custom-color-2[class*=\"u-border-\"]:focus,\n        a.u-button-style.u-button-style.u-button-style.u-text-active-custom-color-2:active,\n        a.u-button-style.u-button-style.u-button-style.u-text-active-custom-color-2[class*=\"u-border-\"]:active,\n        a.u-button-style.u-button-style.u-button-style.u-text-active-custom-color-2.active,\n        a.u-button-style.u-button-style.u-button-style.u-text-active-custom-color-2[class*=\"u-border-\"].active,\n        :not(.level-2) > .u-nav > .u-nav-item > a.u-nav-link.u-text-hover-custom-color-2:hover,\n        :not(.level-2) > .u-nav > .u-nav-item > a.u-nav-link.u-nav-link.u-text-active-custom-color-2.active,\n        .u-popupmenu-items.u-text-hover-custom-color-2 .u-nav-link:hover,\n        .u-popupmenu-items.u-popupmenu-items.u-text-active-custom-color-2 .u-nav-link.active\n        {\n            color: var(--custom-color-2) !important;\n        }\n\n        .u-text-custom-color-2 svg,\n        .u-text-hover-custom-color-2:hover svg,\n        .u-text-hover-custom-color-2:focus svg\n        {\n            fill: var(--custom-color-2);\n        }\n\n        .u-link.u-text-custom-color-2:hover\n        {\n            color: var(--custom-color-2-darker) !important;\n        }\n\n        a.u-link.u-text-hover-custom-color-2:hover\n        {\n            color: var(--custom-color-2) !important;\n        }\n        \n        \n        .u-text-custom-color-3,\n        a.u-button-style.u-text-custom-color-3,\n        a.u-button-style.u-text-custom-color-3[class*=\"u-border-\"]\n        {\n            color: var(--custom-color-3) !important;\n        }\n\n        a.u-button-style.u-text-custom-color-3:hover,\n        a.u-button-style.u-text-custom-color-3[class*=\"u-border-\"]:hover,\n        a.u-button-style.u-text-custom-color-3:focus,\n        a.u-button-style.u-text-custom-color-3[class*=\"u-border-\"]:focus,\n        a.u-button-style.u-button-style.u-text-custom-color-3:active,\n        a.u-button-style.u-button-style.u-text-custom-color-3[class*=\"u-border-\"]:active,\n        a.u-button-style.u-button-style.u-text-custom-color-3.active,\n        a.u-button-style.u-button-style.u-text-custom-color-3[class*=\"u-border-\"].active\n        {\n            color: var(--custom-color-3-darker) !important;\n        }\n\n        a.u-button-style.u-button-style.u-text-hover-custom-color-3:hover,\n        a.u-button-style.u-button-style.u-text-hover-custom-color-3[class*=\"u-border-\"]:hover,\n        a.u-button-style.u-button-style.u-text-hover-custom-color-3:focus,\n        a.u-button-style.u-button-style.u-text-hover-custom-color-3[class*=\"u-border-\"]:focus,\n        a.u-button-style.u-button-style.u-button-style.u-text-active-custom-color-3:active,\n        a.u-button-style.u-button-style.u-button-style.u-text-active-custom-color-3[class*=\"u-border-\"]:active,\n        a.u-button-style.u-button-style.u-button-style.u-text-active-custom-color-3.active,\n        a.u-button-style.u-button-style.u-button-style.u-text-active-custom-color-3[class*=\"u-border-\"].active,\n        :not(.level-2) > .u-nav > .u-nav-item > a.u-nav-link.u-text-hover-custom-color-3:hover,\n        :not(.level-2) > .u-nav > .u-nav-item > a.u-nav-link.u-nav-link.u-text-active-custom-color-3.active,\n        .u-popupmenu-items.u-text-hover-custom-color-3 .u-nav-link:hover,\n        .u-popupmenu-items.u-popupmenu-items.u-text-active-custom-color-3 .u-nav-link.active\n        {\n            color: var(--custom-color-3) !important;\n        }\n\n        .u-text-custom-color-3 svg,\n        .u-text-hover-custom-color-3:hover svg,\n        .u-text-hover-custom-color-3:focus svg\n        {\n            fill: var(--custom-color-3);\n        }\n\n        .u-link.u-text-custom-color-3:hover\n        {\n            color: var(--custom-color-3-darker) !important;\n        }\n\n        a.u-link.u-text-hover-custom-color-3:hover\n        {\n            color: var(--custom-color-3) !important;\n        }\n        \n        \n        .u-text-custom-color-4,\n        a.u-button-style.u-text-custom-color-4,\n        a.u-button-style.u-text-custom-color-4[class*=\"u-border-\"]\n        {\n            color: var(--custom-color-4) !important;\n        }\n\n        a.u-button-style.u-text-custom-color-4:hover,\n        a.u-button-style.u-text-custom-color-4[class*=\"u-border-\"]:hover,\n        a.u-button-style.u-text-custom-color-4:focus,\n        a.u-button-style.u-text-custom-color-4[class*=\"u-border-\"]:focus,\n        a.u-button-style.u-button-style.u-text-custom-color-4:active,\n        a.u-button-style.u-button-style.u-text-custom-color-4[class*=\"u-border-\"]:active,\n        a.u-button-style.u-button-style.u-text-custom-color-4.active,\n        a.u-button-style.u-button-style.u-text-custom-color-4[class*=\"u-border-\"].active\n        {\n            color: var(--custom-color-4-darker) !important;\n        }\n\n        a.u-button-style.u-button-style.u-text-hover-custom-color-4:hover,\n        a.u-button-style.u-button-style.u-text-hover-custom-color-4[class*=\"u-border-\"]:hover,\n        a.u-button-style.u-button-style.u-text-hover-custom-color-4:focus,\n        a.u-button-style.u-button-style.u-text-hover-custom-color-4[class*=\"u-border-\"]:focus,\n        a.u-button-style.u-button-style.u-button-style.u-text-active-custom-color-4:active,\n        a.u-button-style.u-button-style.u-button-style.u-text-active-custom-color-4[class*=\"u-border-\"]:active,\n        a.u-button-style.u-button-style.u-button-style.u-text-active-custom-color-4.active,\n        a.u-button-style.u-button-style.u-button-style.u-text-active-custom-color-4[class*=\"u-border-\"].active,\n        :not(.level-2) > .u-nav > .u-nav-item > a.u-nav-link.u-text-hover-custom-color-4:hover,\n        :not(.level-2) > .u-nav > .u-nav-item > a.u-nav-link.u-nav-link.u-text-active-custom-color-4.active,\n        .u-popupmenu-items.u-text-hover-custom-color-4 .u-nav-link:hover,\n        .u-popupmenu-items.u-popupmenu-items.u-text-active-custom-color-4 .u-nav-link.active\n        {\n            color: var(--custom-color-4) !important;\n        }\n\n        .u-text-custom-color-4 svg,\n        .u-text-hover-custom-color-4:hover svg,\n        .u-text-hover-custom-color-4:focus svg\n        {\n            fill: var(--custom-color-4);\n        }\n\n        .u-link.u-text-custom-color-4:hover\n        {\n            color: var(--custom-color-4-darker) !important;\n        }\n\n        a.u-link.u-text-hover-custom-color-4:hover\n        {\n            color: var(--custom-color-4) !important;\n        }</style><style id=\"typography\" typography=\"Normal\">\n        .u-body\n        {\n        --title-font-weight: 400;\n        --title-font-size: 4.5rem;\n        --title-line-height: 1.1;\n        --title-margin-top: 20px;\n        --title-margin-bottom: 20px;\n        --subtitle-font-weight: 400;\n        --subtitle-font-size: 2.25rem;\n        --subtitle-line-height: 1.1;\n        --subtitle-margin-top: 20px;\n        --subtitle-margin-bottom: 20px;\n        --h1-font-weight: 400;\n        --h1-font-size: 3rem;\n        --h1-line-height: 1.1;\n        --h1-margin-top: 20px;\n        --h1-margin-bottom: 20px;\n        --h2-font-weight: 400;\n        --h2-font-size: 2.25rem;\n        --h2-line-height: 1.1;\n        --h2-margin-top: 20px;\n        --h2-margin-bottom: 20px;\n        --h3-font-weight: 400;\n        --h3-font-size: 1.875rem;\n        --h3-line-height: 1.2;\n        --h3-margin-top: 20px;\n        --h3-margin-bottom: 20px;\n        --h4-font-weight: 400;\n        --h4-font-size: 1.5rem;\n        --h4-line-height: 1.2;\n        --h4-margin-top: 20px;\n        --h4-margin-bottom: 20px;\n        --h5-font-weight: 400;\n        --h5-font-size: 1.25rem;\n        --h5-line-height: 1.2;\n        --h5-margin-top: 20px;\n        --h5-margin-bottom: 20px;\n        --h6-font-weight: 400;\n        --h6-font-size: 1.125rem;\n        --h6-line-height: 1.2;\n        --h6-margin-top: 20px;\n        --h6-margin-bottom: 20px;\n        --largeText-font-size: 1.25rem;\n        --largeText-margin-top: 20px;\n        --largeText-margin-bottom: 20px;\n        --smallText-font-size: 0.875rem;\n        --smallText-margin-top: 20px;\n        --smallText-margin-bottom: 20px;\n        --text-margin-top: 20px;\n        --text-margin-bottom: 20px;\n        --hyperlink-color: var(--palette-1-base);\n        --hyperlink-alt-text-color: var(--palette-1-dark-2);\n        --hyperlink-hover-color: var(--palette-1-base-darker);\n        --hyperlink-hover-alt-text-color: var(--grey-30-darker);\n        --button-margin-top: 20px;\n        --button-margin-bottom: 20px;\n        --button-background-color: var(--palette-1-base);\n        --button-color: var(--black);\n        --button-hover-background-color: var(--palette-1-base-darker);\n        --button-hover-color: var(--black-darker);\n        --button-hover-background-color: var(--palette-1-base-darker);\n        --button-hover-color: var(--black-darker);\n        --button-active-background-color: var(--palette-1-base-darker);\n        --button-active-color: var(--black-darker);\n        --blockquote-font-style: italic;\n        --blockquote-padding-left: 20px;\n        --blockquote-border-width: 4px;\n        --blockquote-border-color: var(--palette-1-base);\n        --blockquote-margin-top: 20px;\n        --blockquote-margin-bottom: 20px;\n        --metadata-margin-top: 20px;\n        --metadata-margin-bottom: 20px;\n        --list-margin-top: 20px;\n        --list-margin-bottom: 20px;\n        --orderedlist-margin-top: 20px;\n        --orderedlist-margin-bottom: 20px;\n        --postContent-margin-top: 20px;\n        --postContent-margin-bottom: 20px;\n        --title-font-size-sm: 3.75rem;\n        --title-font-size-xs: 3rem;\n        --subtitle-font-size-xs: 1.5rem;\n        --h1-font-size-xs: 2.25rem;\n        --h2-font-size-xs: 1.5rem;\n        --h3-font-size-xs: 1.5rem;\n        }\n\n        /** common-rules **/\n        h1.u-title\n        {\n        font-weight: var(--title-font-weight);\n        font-size: var(--title-font-size);\n        line-height: var(--title-line-height);\n        margin-top: var(--title-margin-top);\n        margin-bottom: var(--title-margin-bottom);\n        }\n        h2.u-subtitle\n        {\n        font-weight: var(--subtitle-font-weight);\n        font-size: var(--subtitle-font-size);\n        line-height: var(--subtitle-line-height);\n        margin-top: var(--subtitle-margin-top);\n        margin-bottom: var(--subtitle-margin-bottom);\n        }\n        h1:not(.u-title)\n        {\n        font-weight: var(--h1-font-weight);\n        font-size: var(--h1-font-size);\n        line-height: var(--h1-line-height);\n        margin-top: var(--h1-margin-top);\n        margin-bottom: var(--h1-margin-bottom);\n        }\n        h2:not(.u-subtitle)\n        {\n        font-weight: var(--h2-font-weight);\n        font-size: var(--h2-font-size);\n        line-height: var(--h2-line-height);\n        margin-top: var(--h2-margin-top);\n        margin-bottom: var(--h2-margin-bottom);\n        }\n        h3\n        {\n        font-weight: var(--h3-font-weight);\n        font-size: var(--h3-font-size);\n        line-height: var(--h3-line-height);\n        margin-top: var(--h3-margin-top);\n        margin-bottom: var(--h3-margin-bottom);\n        }\n        h4\n        {\n        font-weight: var(--h4-font-weight);\n        font-size: var(--h4-font-size);\n        line-height: var(--h4-line-height);\n        margin-top: var(--h4-margin-top);\n        margin-bottom: var(--h4-margin-bottom);\n        }\n        h5\n        {\n        font-weight: var(--h5-font-weight);\n        font-size: var(--h5-font-size);\n        line-height: var(--h5-line-height);\n        margin-top: var(--h5-margin-top);\n        margin-bottom: var(--h5-margin-bottom);\n        }\n        h6\n        {\n        font-weight: var(--h6-font-weight);\n        font-size: var(--h6-font-size);\n        line-height: var(--h6-line-height);\n        margin-top: var(--h6-margin-top);\n        margin-bottom: var(--h6-margin-bottom);\n        }\n        p.u-large-text\n        {\n        font-size: var(--largeText-font-size);\n        margin-top: var(--largeText-margin-top);\n        margin-bottom: var(--largeText-margin-bottom);\n        }\n        p.u-small-text\n        {\n        font-size: var(--smallText-font-size);\n        margin-top: var(--smallText-margin-top);\n        margin-bottom: var(--smallText-margin-bottom);\n        }\n        p:not(.u-text-variant)\n        {\n        margin-top: var(--text-margin-top);\n        margin-bottom: var(--text-margin-bottom);\n        }\n        .u-btn\n        {\n        margin-top: var(--button-margin-top);\n        margin-bottom: var(--button-margin-bottom);\n        }\n        blockquote\n        {\n        font-style: var(--blockquote-font-style);\n        padding-left: var(--blockquote-padding-left);\n        border-width: var(--blockquote-border-width);\n        margin-top: var(--blockquote-margin-top);\n        margin-bottom: var(--blockquote-margin-bottom);\n        }\n        .u-metadata\n        {\n        margin-top: var(--metadata-margin-top);\n        margin-bottom: var(--metadata-margin-bottom);\n        }\n        ul:not(.u-unstyled)\n        {\n        margin-top: var(--list-margin-top);\n        margin-bottom: var(--list-margin-bottom);\n        }\n        ol\n        {\n        margin-top: var(--orderedlist-margin-top);\n        margin-bottom: var(--orderedlist-margin-bottom);\n        }\n        .u-post-content\n        {\n        margin-top: var(--postContent-margin-top);\n        margin-bottom: var(--postContent-margin-bottom);\n        }\n        /** common-rules **/\n\n        /** publish-rules **/\n        /*begin-media rules*/\n        @media (max-width: 767px) {\n        h1.u-title\n        {\n        font-size: var(--title-font-size-sm);\n        }\n        }\n        @media (max-width: 575px) {\n        h1.u-title\n        {\n        font-size: var(--title-font-size-xs);\n        }\n        }\n        @media (max-width: 575px) {\n        h2.u-subtitle\n        {\n        font-size: var(--subtitle-font-size-xs);\n        }\n        }\n        @media (max-width: 575px) {\n        h1:not(.u-title)\n        {\n        font-size: var(--h1-font-size-xs);\n        }\n        }\n        @media (max-width: 575px) {\n        h2:not(.u-subtitle)\n        {\n        font-size: var(--h2-font-size-xs);\n        }\n        }\n        @media (max-width: 575px) {\n        h3\n        {\n        font-size: var(--h3-font-size-xs);\n        }\n        }\n        /*end-media rules*/\n        /** publish-rules **/\n\n        \n\n        /** cms-rules **/\n        /*begin-responsive rules*/\n        .u-sm h1.u-title\n        {\n        font-size: var(--title-font-size-sm);\n        }\n        .u-xs h1.u-title\n        {\n        font-size: var(--title-font-size-xs);\n        }\n        .u-xs h2.u-subtitle\n        {\n        font-size: var(--subtitle-font-size-xs);\n        }\n        .u-xs h1:not(.u-title)\n        {\n        font-size: var(--h1-font-size-xs);\n        }\n        .u-xs h2:not(.u-subtitle)\n        {\n        font-size: var(--h2-font-size-xs);\n        }\n        .u-xs h3\n        {\n        font-size: var(--h3-font-size-xs);\n        }\n        /*end-responsive rules*/\n        /** cms-rules **/\n\n        /** color-rules **/\n        .u-overlap.u-overlap-transparent:not(.u-overlap-contrast) .u-header :not(.u-nav-item) > a,\n        .u-gradient > .u-container-layout > a,\n        .u-image:not(.u-shading) > .u-container-layout > a,\n        a\n        {\n        color: var(--hyperlink-color);\n        }\n        .u-overlap.u-overlap-transparent:not(.u-overlap-contrast) .u-header :not(.u-nav-item) > a:hover,\n        .u-gradient > .u-container-layout > a:hover,\n        .u-image:not(.u-shading) > .u-container-layout > a:hover,\n        a:hover\n        {\n        color: var(--hyperlink-hover-color);\n        }\n        .u-overlap.u-overlap-transparent:not(.u-overlap-contrast) .u-header :not(.u-nav-item) > .u-btn,\n        .u-gradient > .u-container-layout > .u-btn,\n        .u-image:not(.u-shading) > .u-container-layout > .u-btn,\n        .u-btn\n        {\n        background-color: var(--button-background-color);\n        color: var(--button-color);\n        }\n        .u-overlap.u-overlap-transparent:not(.u-overlap-contrast) .u-header :not(.u-nav-item) > .u-btn:hover,\n        .u-gradient > .u-container-layout > .u-btn:hover,\n        .u-image:not(.u-shading) > .u-container-layout > .u-btn:hover,\n        .u-btn:hover\n        {\n        background-color: var(--button-hover-background-color);\n        color: var(--button-hover-color);\n        }\n        .u-overlap.u-overlap-transparent:not(.u-overlap-contrast) .u-header :not(.u-nav-item) > .u-btn:focus,\n        .u-gradient > .u-container-layout > .u-btn:focus,\n        .u-image:not(.u-shading) > .u-container-layout > .u-btn:focus,\n        .u-btn:focus\n        {\n        background-color: var(--button-hover-background-color);\n        color: var(--button-hover-color);\n        }\n        .u-overlap.u-overlap-transparent:not(.u-overlap-contrast) .u-header :not(.u-nav-item) > .u-btn:active,\n        .u-gradient > .u-container-layout > .u-btn:active,\n        .u-image:not(.u-shading) > .u-container-layout > .u-btn:active,\n        .u-btn:active\n        {\n        background-color: var(--button-active-background-color);\n        color: var(--button-active-color);\n        }\n        .u-overlap.u-overlap-transparent:not(.u-overlap-contrast) .u-header :not(.u-nav-item) > blockquote,\n        .u-gradient > .u-container-layout > blockquote,\n        .u-image:not(.u-shading) > .u-container-layout > blockquote,\n        blockquote\n        {\n        border-color: var(--blockquote-border-color);\n        }\n        /** color-rules **/\n\n        /** alt-color-rules **/\n        .u-shading a,.u-overlap-contrast .u-header a:not(.u-nav-link):not(.u-btn)\n        {\n        color: var(--hyperlink-alt-text-color);\n        }\n        /** alt-color-rules **/\n    </style><style id=\"font-scheme\" font-scheme=\"Roboto-OpenSans\" heading-font=\"Roboto,sans-serif\" text-font=\"'Open Sans',sans-serif\">.u-body {\n   --text-font: 'Open Sans',sans-serif;\n   --heading-font: Roboto,sans-serif;\n}</style>","appVersion":"3.10.2","isTrial":false}